id,properties.amenity,properties.brand,properties.description,properties.opening_hours,properties.short_name,properties.socket:type2,properties.socket:type1_combo,properties.socket:chademo,properties.socket:tesla,properties.addr:city,properties.addr:country,properties.addr:postcode,properties.addr:state,properties.location
way/762728901,charging_station,"Tesla, Inc.",Hollydene Supercharger,24/7,Tesla,,,,,,,,,
way/1176146545,charging_station,Tesla Supercharger,,,Tesla,,,,,,,,,
way/1189771948,charging_station,,,,,,,,,,,,,
way/1253852373,charging_station,Tesla Destination,,24/7,,2,,,,,,,,
way/1258973419,charging_station,EVlink,,,,,,,,,,,,
way/1278067243,charging_station,Tesla,,24/7,,,,,,,,,,
node/1638722815,charging_station,,,24/7,,,,,,,,,,
node/3203111051,charging_station,ChargePoint,,,,,,,,,,,,
node/3488644749,charging_station,ChargePoint,,,,,,,,,,,,
node/3946796253,charging_station,,,,,1,,,1,,,,,
node/4016257448,charging_station,Tesla Supercharger,Goulburn Supercharger,24/7,Tesla,,,,,,,,,
node/4027662399,charging_station,Tesla Supercharger,Tesla Supercharger,24/7,Tesla,,,,,Euroa,AU,3666,VIC,
node/4027663540,charging_station,Tesla Supercharger,Tesla Supercharger,24/7,Tesla,,,,,Wodonga,AU,3690,VIC,
node/4027667916,charging_station,Tesla Supercharger,Tesla Supercharger,,Tesla,,,,,,,,,
node/4332286415,charging_station,"Tesla, Inc.",Tesla Chadstone,,Tesla,,,,,Chadstone,,,,
node/4332296675,charging_station,,,,,,,,,,,,,
node/4332305132,charging_station,,,,,,,,,,,,,
node/4332324003,charging_station,,,,,,,,,,,,,underground
node/4356704673,charging_station,Tesla Supercharger,,,Tesla,,,,,,,,,
node/4559150341,charging_station,Tesla Supercharger,,,Tesla,,,,,,,,,
node/4681433874,charging_station,,,,,,,,,,,,,
node/4776101051,charging_station,,,,,,,,,,,,,
node/4776121605,charging_station,,Free Moreland Council Car Charging Point,,,,,,,,,,,
node/4776130324,charging_station,,,,,,,,,,,,,
node/4861233240,charging_station,Yurika,QESH - Gatton,,,2,,1,,,,,,
node/4896269173,charging_station,ChargePoint,ChargePoint,,,,,,,,,,,
node/5004854821,charging_station,Tesla Supercharger,Coffs Harbour Supercharger,24/7,Tesla,,,,,,,,,
node/5047210796,charging_station,,,,,,,,,,,,,
node/5047211383,charging_station,ChargePoint,,,,,,,,,,,,
node/5132854542,charging_station,Tesla Supercharger,,,Tesla,,,,,,,,,
node/5162910541,charging_station,Tesla Supercharger,Clare Valley Supercharger,,Tesla,,,,,,,,,
node/5249804024,charging_station,,,,,,,,,,,,,
node/5270964444,charging_station,,,,,,,,,,,,,
node/5334248429,charging_station,,,,,,,,,,,,,
node/5334248433,charging_station,,,,,,,,,,,,,
node/5334248922,charging_station,,,,,,,,,,,,,
node/5395408885,charging_station,,Free Moreland Council EV charging,,,,,,,,,,,
node/5438383393,charging_station,Tesla Supercharger,Tesla Supercharger,,Tesla,,,,,,,,,
node/5519599141,charging_station,,,24/7,,2,,,,,,,,
node/5519606421,charging_station,,,Mo-Fr 07:45-18:30; Sa-Su off,,,,,,,,,,
node/5553840397,charging_station,,Free Moreland Council Car Charging Point,Mo-Su 09:00-09:00,,,,,,,,,,
node/5758577851,charging_station,Tesla Supercharger,Tesla Supercharger,,Tesla,,,,,,,,,
node/5865178390,charging_station,,,,,,,,,,,,,
node/5879749471,charging_station,,,,,,,,,,,,,
node/5985113586,charging_station,Tesla Supercharger,Canberra Supercharger,24/7,Tesla,,,,,,,,,
node/6012351152,charging_station,,Chargefox,24/7,,,,4,,Euroa,AU,3666,VIC,
node/6110132412,charging_station,,,,,,,,,,,,,
node/6165583448,charging_station,,NRMA Fast Charger,,,,,1,,,AU,2575,,
node/6165583449,charging_station,ChargePoint,Mittagong Tourist Information Centre,,,,,,,,AU,2575,NSW,
node/6217636780,charging_station,,Chargefox,,,,,4,,,,,,
node/6294718962,charging_station,,J-1772,,,,,,,,,,,
node/6305536144,charging_station,"Tesla, Inc.",Tesla Mascot King Street,,Tesla,,,,,,,2020,NSW,
node/6361470537,charging_station,,,,,,,,,,,,,
node/6361470538,charging_station,,,,,,,,,,,,,
node/6434871034,charging_station,"Tesla, Inc.",Goolwa Visitor Information Centre - Destination Charging,,Tesla,,,,,,,,,
node/6456676767,charging_station,Tesla Supercharger,Tesla Supercharger,,Tesla,,,,,,,,,
node/6456722833,charging_station,Tesla Supercharger,Tesla Supercharger,,Tesla,,,,,,,,,
node/6456723747,charging_station,Tesla Supercharger,,,Tesla,,,,,,,,,
node/6456731585,charging_station,ChargePoint,Chargepoint,,,,,,,,,,,
node/6456735006,charging_station,ChargePoint,,,,,,,,,,,,
node/6456735596,charging_station,ChargePoint,,,,,,,,,,,,
node/6460533136,charging_station,Tesla Supercharger,Tesla Supercharger,,Tesla,,,,,,,,,
node/6460563175,charging_station,Tesla Supercharger,Tesla Supercharger,,Tesla,,,,,,,,,
node/6460580922,charging_station,"Tesla, Inc.",Knockrow Supercharger,24/7,Tesla,,,,,,,,,
node/6460587589,charging_station,Tesla Supercharger,Port Macquarie Supercharger,24/7,Tesla,,,,,,,,,
node/6460737186,charging_station,,,,,,,,,,,,,
node/6460781765,charging_station,,NRMA Fast Charger,,,,,,,,,,,
node/6460796546,charging_station,,NRMA Fast Charger,,,,,,,,,,,
node/6460798626,charging_station,,NRMA Fast Charger,,,,,1,,,,,,
node/6460800322,charging_station,,NRMA Fast Charger,,,,,,,,,,,
node/6485877929,charging_station,,RAC Electric Charging Station,,,,,,,,,,,
node/6489744914,charging_station,,NRMA Fast Charger,,,,,1,,,,,,
node/6489763087,charging_station,,NRMA Fast Charger,,,,,,,,,,,
node/6489797683,charging_station,,NRMA Fast Charger,,,,,,,,,,,
node/6510389778,charging_station,,,,,1,,1,,,,,,
node/6510436415,charging_station,,Mood Food Kempton,24/7,,,,,,,,,,
node/6510508421,charging_station,,,,,1,,,,,,,,
node/6512442081,charging_station,,NRMA Fast Charger,,,,,1,,,,,,
node/6517096170,charging_station,Tesla Supercharger,,,Tesla,,,,,,,,,
node/6525751310,charging_station,Tesla Supercharger,Tesla Supercharger,,Tesla,,,,,,,,,
node/6562161992,charging_station,,,,,,,,,,,,,
node/6566927907,charging_station,,,,,,,,,,,,,
node/6573455731,charging_station,,,,,,,,,,,,,
node/6573455732,charging_station,,,,,,,,,,,,,
node/6573455737,charging_station,,,,,,,,,,,,,
node/6573455738,charging_station,,,,,,,,,,,,,
node/6573455739,charging_station,,,,,,,,,,,,,
node/6573455740,charging_station,,,,,,,,,,,,,
node/6573455741,charging_station,,,,,,,,,,,,,
node/6573455742,charging_station,,,,,,,,,,,,,
node/6573455743,charging_station,,,,,,,,,,,,,
node/6573455744,charging_station,,,,,,,,,,,,,
node/6585408270,charging_station,,Chargefox,,,,,,,,,,,
node/6585419253,charging_station,Chargefox,,,,,,2,,,,,,
node/6595579456,charging_station,,NRMA Fast Charger,,,,,,,,,,,
node/6604720986,charging_station,,,,,,,,,,,,,
node/6618649725,charging_station,,EVolution,,,,,,,,,,,
node/6656200736,charging_station,,NRMA Fast Charger,,,,,,,,,,,
node/6656233420,charging_station,,NRMA Fast Charger,,,,,,,,,,,
node/6656345063,charging_station,,NRMA Fast Charger,,,,,1,,,,,,
node/6663145566,charging_station,,,,,,,2,,,,,,
node/6695968988,charging_station,,NRMA Fast Charger,,,,,2,,,,,,
node/6704482109,charging_station,,,,,,,1,,,,,,
node/6711862737,charging_station,,NRMA Fast Charger,,,,,1,,,,,,
node/6720432773,charging_station,,,,,,,,,,,,,
node/6749392356,charging_station,,NRMA Fast Charger,,,,,1,,,,,,
node/6749417820,charging_station,,NRMA Fast Charger,,,,,1,,,,,,
node/6753244994,charging_station,EVLink,,,,,,,,,,,,
node/6758195608,charging_station,,,,,,,,,,,,,
node/6759463884,charging_station,,NRMA Fast Charger,,,,,,,,,,,
node/6773221148,charging_station,Yurika,QESH - Maryborough,,,2,,1,,,,,,
node/6773250148,charging_station,,Queensland Electric Super Highway,,,,,,,,,,,
node/6773252378,charging_station,Chargefox,Chargefox Gundagai,,,,,1,,,,,,
node/6773252901,charging_station,Yurika,QESH - North Lakes,,,2,,1,,,,,,
node/6773287818,charging_station,Yurika,QESH - Hamilton,,,2,,1,,,,,,
node/6773289000,charging_station,Yurika,QESH - Childers,,,2,,1,,,,,,
node/6773304236,charging_station,Yurika,QESH - Cooroy,,,2,,1,,,,,,
node/6773336912,charging_station,Tesla Supercharger,Tesla Supercharger,,Tesla,,,,,,,,,
node/6775859672,charging_station,,Melbourne Marriot Hotel,,,,,,,,,,,
node/6775859673,charging_station,,,,,,,,,,,,,
node/6775859674,charging_station,,,,,,,,,,,,,
node/6775859675,charging_station,,,,,,,,,,,,,
node/6775859678,charging_station,,,,,,,,,,,,,
node/6775859679,charging_station,,,,,,,,,,,,,
node/6775859680,charging_station,,,,,,,,,,,,,
node/6775859681,charging_station,,,,,,,,,,,,,
node/6775859682,charging_station,,,,,,,,,,,,,
node/6775859684,charging_station,,,,,,,,,,,,,
node/6775895585,charging_station,,,,,,,,,,,,,
node/6775895586,charging_station,,,,,,,,,,,,,
node/6816255780,charging_station,Tesla Supercharger,,,Tesla,,,,,,,,,
node/6816990777,charging_station,Tesla Supercharger,Heatherbrae Supercharger,,Tesla,,,,,,,,,
node/6817401048,charging_station,Chargefox,,,Chargefox,2,,,,,,,,
node/6824446152,charging_station,,,,,,,,,,,,,
node/6839063086,charging_station,,,,,,,,,,,,,
node/6839163294,charging_station,,NRMA Fast Charger,,,,,,,,,,,
node/6859419893,charging_station,,,,,,,,,,,,,
node/6865327793,charging_station,,,,,1,,1,,,,,,
node/6907644721,charging_station,Chargefox,,,,,,,,,,,,
node/6914078647,charging_station,,Chargefox,,,,,,,,,,,
node/6914659544,charging_station,,,,,,,,,,,,,
node/6926483227,charging_station,NRMA,NRMA Fast Charger,,,,,1,,,,,,
node/6926521128,charging_station,NRMA,NRMA Fast Charger,,,,,1,,,,,,
node/6961067090,charging_station,"Tesla, Inc.",,,Tesla,,,,,,,,,
node/6961675434,charging_station,,,,,,,,,,,,,
node/6965043248,charging_station,,,,,,,,,,,,,
node/6965043249,charging_station,,,,,,,,,,,,,
node/6965043250,charging_station,,,,,,,,,,,,,
node/6965052432,charging_station,,,,,,,,,,,,,
node/6965112603,charging_station,,,,,,,,,,,,,
node/6965116701,charging_station,,,,,,,,,,,,,
node/6965116702,charging_station,,,,,,,,,,,,,
node/6965143040,charging_station,,,,,,,,,,,,,
node/6967754081,charging_station,Chargefox,,,,,,,,,,,,
node/6967811174,charging_station,Tesla Supercharger,,,Tesla,,,,,,,,,
node/6968144446,charging_station,Evie Networks,Evie Networks Fast Charger,,,,,,,,,,,
node/6970324927,charging_station,,,,,,,,,,,,,
node/6975226878,charging_station,,,,,,,,,,,,,
node/6979040237,charging_station,Tesla Supercharger,Tesla Supercharger,,Tesla,,,,,,,,,
node/6979057721,charging_station,,Chargefox,,,,,,,,,,,
node/6984191992,charging_station,,,,,,,,,,,,,
node/7021322234,charging_station,Chargefox,Chargefox Goulburn,,,,,3,,,,,,
node/7034602235,charging_station,,Chargefox Kings Meadows - idle fees apply,,,,,2,,,,,,
node/7034800289,charging_station,Tesla Supercharger,Tesla Supercharger,,Tesla,,,,,,,,,
node/7042825731,charging_station,,Chargefox Karuah,,,,,1,,,,,,
node/7070676761,charging_station,,,,,,,,,,,,,
node/7104312656,charging_station,,Town Hall Daylesford,24/7,,,,,,,,,,
node/7110814863,charging_station,"Tesla, Inc.","Tesla Only, 22kw destination charger",,Tesla,,,,,,,,,
node/7125090552,charging_station,Evie Networks,Evie Networks Campbell Town,24/7,,,,2,,,,,,
node/7135828901,charging_station,,,,,,,,,,,,,
node/7140188595,charging_station,Tesla Supercharger,Tesla Supercharger,,Tesla,,,,,,,,,
node/7145645463,charging_station,"Tesla, Inc.",Tesla Destination Charger,,Tesla,,,,,,,,,
node/7149039454,charging_station,,,,,,,1,,,,,,
node/7185843792,charging_station,Tesla Supercharger,Adelaide Supercharger,,Tesla,,,,,,,,,
node/7221406917,charging_station,Chargefox,,,,2,,,,,,,,
node/7236246800,charging_station,"Tesla, Inc.",Macquarie Point Charging Station,,Tesla,2,,,,,,,,
node/7237598406,charging_station,,,,,,,,,,,,,
node/7244697466,charging_station,,NRMA Fast Charger,,,,,1,,,,,,
node/7249211887,charging_station,,,,,,,2,,,,,,
node/7270664150,charging_station,Tesla Supercharger,Tesla Supercharger,,Tesla,,,,,,,,,
node/7370307097,charging_station,,,,,,,4,,,,,,
node/7370327570,charging_station,,Dan Murphy's Charging Station,,,,,,,,,,,
node/7371168765,charging_station,Tesla Supercharger,,,Tesla,,,,,,,,,
node/7375482623,charging_station,,NRMA Fast Charger,,,,,,,,,,,
node/7384135909,charging_station,,NRMA Fast Charger,,,,,,,,,,,
node/7401170459,charging_station,,,,,,,,,,,,,
node/7416508372,charging_station,,,,,,,,,,,,,
node/7416508373,charging_station,,,,,,,,,,,,,
node/7416508374,charging_station,,,,,,,,,,,,,
node/7476003934,charging_station,,Stockland Forster,,,,,,,,,,,
node/7478006036,charging_station,,Evie Networks,,,,,2,,,,,,
node/7500495489,charging_station,,,,,,,,,,,,,
node/7512650865,charging_station,,NRMA Fast Charger,24/7,,,,1,,,,,,
node/7612243561,charging_station,,Evie Networks,,,,,2,,,,,,
node/7612252206,charging_station,,Evie Taree,,,,,2,,,,,,
node/7644755936,charging_station,,Mood Food New Norfolk,24/7,,,,,,,,,,
node/7672020234,charging_station,Evie Networks,,,,,,1,,,,,,
node/7742159359,charging_station,,NRMA Fast Charger,,,,,1,,,,,,
node/7745584029,charging_station,,,,,,,,,,,,,
node/7769026737,charging_station,,,,,,,2,,,,,,
node/7811188174,charging_station,,,24/7,,1,,1,,,,,,
node/7814409569,charging_station,Electric Highway Tasmania,,24/7,,1,,1,,,,7467,TAS,
node/7816558586,charging_station,,NRMA Fast Charger,,,,,2,,,,,,
node/7818245016,charging_station,,,,,1,,,,,,,,
node/7842335713,charging_station,,,,,,,,,,,,,
node/7853763889,charging_station,,Majura Park Destination Charger,,,1,,,,,,,,
node/7853779128,charging_station,,ActewAGL Civic Rapid Charger,,,,,1,,,,,,
node/7853799488,charging_station,,Secure Parking EV Chargers,,,4,,,,,,,,
node/7853821459,charging_station,NRMA,Sovereign Place NRMA Fast Charger,,,,,2,,,,,,
node/7858748739,charging_station,,SG Fleet Fyshwick,Mo-Su 06:00-20:00,,,,1,,,,,,
node/7862093042,charging_station,,,,,,,,,,,,,
node/7882866714,charging_station,,,,,1,,,,,,,,
node/7885621574,charging_station,,,24/7,,,,1,,,,,,
node/7908350351,charging_station,,,Mo-Su 09:00-17:00,,1,,,,,,,,
node/7916500373,charging_station,,,24/7,,1,,,,,,,,
node/7932870081,charging_station,,NRMA Fast Charger,,,,,1,,,,,,
node/7935846174,charging_station,,,,,,,,,,,,,
node/7951263438,charging_station,,,24/7,,,,1,,,,,,
node/7956430892,charging_station,,Evie Networks,,,,,,,,,,,
node/7959130026,charging_station,,NRMA Fast Charger,,,,,,,,,,,
node/7961393123,charging_station,,Evie Networks Fast Charger,,,,,2,,,,,,
node/7987569797,charging_station,,Lorne Visitor Information Centre,,,,,,,,,,,
node/8021537952,charging_station,,,24/7,,1,,,,,,,,
node/8021537953,charging_station,,,24/7,,1,,,,,,,,
node/8023428147,charging_station,,,,,,,,,,,,,
node/8028020165,charging_station,,,,,,,4,,,,,,
node/8041302706,charging_station,Electric Highway Tasmania,,24/7,,1,,1,,,,,,
node/8095263593,charging_station,,Treendale Shopping Centre,,,,,,,,,,,
node/8122913262,charging_station,Yurika,QESH - Rockhampton,,,2,,1,,,,,,
node/8122913263,charging_station,,,,,,,,,,,,,
node/8133502030,charging_station,,NRMA Fast Charger,,,,,,,,,,,
node/8148294052,charging_station,,,,,,,,,,,,,
node/8163934715,charging_station,,NRMA Fast Charger,,,,,,,,,,,
node/8167428500,charging_station,Electric Highway Tasmania,,24/7,,1,,1,,,,,,
node/8169947525,charging_station,,Evie Seven Hills,,,,,2,,,,,,
node/8173029604,charging_station,,,,,,,,,,,,,
node/8190129317,charging_station,"Tesla, Inc.",Tesla Destination Charger,,Tesla,,,,,,,,,
node/8192505717,charging_station,"Tesla, Inc.",Tesla Destination Charger,,Tesla,,,,,,,,,
node/8195721669,charging_station,,Evie Networks,,,,,,,,,,,
node/8209129030,charging_station,,NRMA Fast Charger,,,,,,,,,,,
node/8219338731,charging_station,,Evie Networks,,,,,1,,,,,,
node/8241597113,charging_station,,,,,,,,,,,,,
node/8241642779,charging_station,,NRMA Fast Charger,,,,,1,,,,,,
node/8241696310,charging_station,,NRMA Fast Charger,,,,,1,,,,,,
node/8253300980,charging_station,,NRMA Fast Charger,24/7,,,1,1,,,,,,
node/8280062891,charging_station,Charging the Regions,CTR Maryborough,,,,,1,,,,,,
node/8280179360,charging_station,,,,,,,,,,,,,
node/8302152508,charging_station,Tesla Supercharger,Tesla Supercharger,,Tesla,,,,,,,,,
node/8309916935,charging_station,Yurika,QESH - Forest Glen,,,2,,1,,,,,,
node/8317195266,charging_station,,NRMA Fast Charger,,,,,1,,,,,,
node/8320308514,charging_station,,,,,,,,,,,,,
node/8333995490,charging_station,,Chargefox Charging Station,,,,,,,,,,,
node/8340141563,charging_station,,,Mo-Su 10:00-16:00,,,,,,,,,,
node/8353962063,charging_station,Electric Highway Tasmania,,24/7,,1,,1,,,,,,
node/8366243660,charging_station,,BYO charge cables. Cables are locked away but  key available from Council to open cupboard during office hours.,24/7,,1,,,,,,,,
node/8384096764,charging_station,,,,,,,,,,,,,
node/8390250930,charging_station,,,,,,,2,,,,,,
node/8407794646,charging_station,Electric Highway Tasmania,,24/7,,1,,1,,,,,,
node/8441518529,charging_station,"Tesla, Inc.",Tesla Destination Charger,,Tesla,,,,,,,,,
node/8443926799,charging_station,,,,,,,,,,,,,
node/8451336892,charging_station,,,,,,,,,,,,,
node/8456443961,charging_station,,,,,,,,,,,,,
node/8477352112,charging_station,,Evie Networks Fast Chargers,,,,,2,,,,,,
node/8490556835,charging_station,Evie Networks,Evie Networks Brighton,24/7,,,,2,,,,,,
node/8490588005,charging_station,,,,,1,,,,,,,,
node/8505686311,charging_station,,Evie Networks Fast Charger,,,,,2,,,,,,
node/8512844540,charging_station,Charging the Regions,Charging the Regions,,,,,1,,,,,,
node/8520707717,charging_station,"Tesla, Inc.",,,Tesla,,,,,,,,,
node/8562296543,charging_station,Tesla Supercharger,,,Tesla,,,,,,,,,
node/8566959242,charging_station,Yurika,QESH - Gunalda,,,2,,1,,,,,,
node/8566959243,charging_station,Yurika,QESH - Gin Gin,,,2,,1,,,,,,
node/8566959244,charging_station,Yurika,QESH - Forest Glen,,,2,,1,,,,,,
node/8566959245,charging_station,Yurika,QESH - Mount Larcom,,,2,,1,,,,,,
node/8566976196,charging_station,Yurika,QESH - Marlborough,,,2,,1,,,,,,
node/8566976197,charging_station,Yurika,QESH - Carmila,,,2,,1,,,,,,
node/8566976198,charging_station,Yurika,QESH - Mackay,,,2,,1,,,,,,
node/8566976199,charging_station,Yurika,QESH - Proserpine,,,2,,1,,,,,,
node/8566976200,charging_station,Yurika,QESH - Bowen,,,2,,1,,,,,,
node/8566976201,charging_station,Yurika,QESH - Ayr,,,2,,1,,,,,,
node/8566979930,charging_station,Yurika,QESH - Townsville,,,2,,1,,,,,,
node/8566979931,charging_station,,,,,,,1,,,,,,
node/8566979932,charging_station,Yurika,QESH - Cardwell,,,2,,1,,,,,,
node/8566979933,charging_station,Yurika,QESH - Tully,,,2,,1,,,,,,
node/8566979934,charging_station,Yurika,QESH - Innisfail,,,2,,1,,,,,,
node/8566979935,charging_station,Yurika,QESH - Cairns,,,2,,1,,,,,,
node/8566979936,charging_station,Yurika,QESH - Port Douglas,,,2,,1,,,,,,
node/8570161417,charging_station,,Lake Macquarie Council EV Charger,,,,,,,,,,,
node/8571361842,charging_station,ChargePoint,,,,,,,,,,,,
node/8571382027,charging_station,Yurika,,,,2,,1,,,,,,
node/8571382028,charging_station,Yurika,QESH - Springwood,,,2,,1,,,,,,
node/8571382029,charging_station,Yurika,QESH - Ipswich,,,2,,1,,,,,,
node/8571382030,charging_station,Yurika,QESH - Charlton,,,2,,1,,,,,,
node/8573118340,charging_station,Charging the Regions,Charging The Regions,,,,,1,,,,,,
node/8573119373,charging_station,Charging the Regions,,,,,,1,,,,,,
node/8597596498,charging_station,Tesla Supercharger,Tesla Supercharger,,Tesla,,,,,,,,,
node/8613733552,charging_station,"Tesla, Inc.",Tesla Destination Charger,,Tesla,,,,,,,,,
node/8613757404,charging_station,,,,,,,,,,,,,
node/8613757405,charging_station,,,,,,,,,,,,,
node/8620612761,charging_station,,,,,,,1,,,,,,
node/8634205901,charging_station,,,,,,,,,,,,,
node/8645337003,charging_station,Charging the Regions,Charging the Regions,,,,,1,,,,,,
node/8651235290,charging_station,,,,,,,,,,,,,
node/8651235291,charging_station,,,,,,,,,,,,,
node/8660496889,charging_station,"Tesla, Inc.",Tesla Destination Charger,,Tesla,,,,,,,,,
node/8660502116,charging_station,"Tesla, Inc.",Tesla Destination Charger,,Tesla,,,,,,,,,
node/8660513071,charging_station,"Tesla, Inc.",Tesla Destination Charger,,Tesla,,,,,,,,,
node/8660513415,charging_station,"Tesla, Inc.",Tesla Destination Charger,,Tesla,,,,,,,,,
node/8660516388,charging_station,"Tesla, Inc.",Tesla Destination Charger,,Tesla,,,,,,,,,
node/8660527323,charging_station,,Westfield Charging Station (J-1772),,,,,,,,,,,
node/8660535812,charging_station,"Tesla, Inc.",Tesla Destination Charger,,Tesla,,,,,,,,,
node/8660540033,charging_station,"Tesla, Inc.",Tesla Destination Charger,,Tesla,,,,,,,,,
node/8660555162,charging_station,"Tesla, Inc.",Tesla Destination Charger,,Tesla,,,,,,,,,
node/8678497906,charging_station,Tesla Supercharger,Tesla Supercharger,,Tesla,,,,,,,,,
node/8687625054,charging_station,Tesla Supercharger,Tesla Supercharger,,Tesla,,,,,,,,,
node/8690279176,charging_station,Charging the Regions,,,,,,,,,,,,
node/8692040373,charging_station,Tesla Supercharger,,,Tesla,,,,,,,,,
node/8692040374,charging_station,,,,,,,,,,,,,
node/8709283408,charging_station,"Tesla, Inc.",,,Tesla,2,,,,,,,,
node/8711272569,charging_station,Tesla Supercharger,Tesla Supercharger,,Tesla,,,,,,,,,
node/8714190581,charging_station,,Porsche Destination Charger,,,,,,,,,,,
node/8714688412,charging_station,Charging the Regions,,,,,,,,,,,,
node/8770992013,charging_station,,Evie Networks Taylors Lakes,,,,,2,,,,,,
node/8778736867,charging_station,,,,,,,,,,,,,
node/8797027976,charging_station,,Herberton Historic Village,,,,,,,,,,,
node/8817023359,charging_station,,,,,,,,,,,,,
node/8819321066,charging_station,,,,,1,,,,,,,,
node/8822845273,charging_station,"Tesla, Inc.",Bremerton Wines Tesla Destination Charger,,Tesla,2,,,,,,,,
node/8848048175,charging_station,Charging the Regions,,,,,,,,,,,,
node/8849746220,charging_station,,,,,,,,,,,,,
node/8858740996,charging_station,,Chargefox Charging Station,,,,,,,,,,,
node/8858753812,charging_station,,,,,,,,,,,,,
node/8864968843,charging_station,,Evie Networks Westbury,,,,,1,,,,,,
node/8896794603,charging_station,,,,,,,1,,,,,,
node/8911115310,charging_station,,,,,,,,,,,,,
node/8943191752,charging_station,,Bayside Council,,,,,,,,,,,
node/8962371069,charging_station,"Tesla, Inc.",Tesla Destination Charger,,Tesla,,,,,,,,,
node/8994778322,charging_station,,,,,,,,,,,,,
node/9000002017,charging_station,,,,,,,,,,,,,
node/9021517768,charging_station,Tesla Supercharger,Williams Supercharger,,Tesla,,,,,,,,,
node/9026039108,charging_station,Tesla Supercharger,Tesla Supercharger,,Tesla,,,,,,,,,
node/9058271716,charging_station,Charging the Regions,CTR Wycheproof,,,,,1,,,,,,
node/9058276006,charging_station,Charging the Regions,CTR Kyneton,24/7,,,,1,,,,,,
node/9058291617,charging_station,Charging the Regions,CTR Castlemaine,,,,,,,,,,,
node/9069283087,charging_station,"Tesla, Inc.",Tesla Destination Charger,,Tesla,,,,,,,,,
node/9069321520,charging_station,"Tesla, Inc.",Tesla Destination,,Tesla,,,,,,,,,
node/9072184481,charging_station,Charging the Regions,CTR Ouyen,,,,,1,,,,,,
node/9072216068,charging_station,Charging the Regions,CTR Sea Lake,,,,,1,,,,,,
node/9072216233,charging_station,,,,,,,,,,,,,
node/9092859485,charging_station,Charging the Regions,CTR Robinvale,,,,,1,,,,,,
node/9092865942,charging_station,Charging the Regions,CTR Swan Hill,,,,,1,,,,,,
node/9097290660,charging_station,,Collie Central Park Car Park,,,,,,,,,,,
node/9121818285,charging_station,"Tesla, Inc.",Tesla Destination Charger - Unit 2 Coast Resort,,Tesla,,,,,,,,NSW,
node/9121831091,charging_station,"Tesla, Inc.",Tesla Destination Charger,,Tesla,,,,,,,,,
node/9139174626,charging_station,,,,,,,,,,,,,
node/9139223343,charging_station,,,,,1,,,,,,,,
node/9150530738,charging_station,Charging the Regions,CTR Woodend,,,,,,,,,,,
node/9150544914,charging_station,Charging the Regions,CTR Shepparton,,,,,1,,,,,,
node/9150566549,charging_station,Charging the Regions,CTR Wedderburn,,,,,2,,,,,,
node/9184935771,charging_station,,,,,,,,,,,,,
node/9204398603,charging_station,,"Bungan Street, Mona Vale, 1 hour",24/7,,,,1,,,,,,
node/9215252226,charging_station,,,,,,,2,,,,,,
node/9217134714,charging_station,Tesla Supercharger,Tesla Supercharger,,Tesla,,,,,,,,,
node/9222837083,charging_station,,IKEA EV chargers,,,4,,,,,,,,
node/9228911986,charging_station,Bell Resources,Australian Electric Vehicle Charging & Clean Energy Company,Mo-Fr 09:00-17:00,,,,,,,,2000,NSW,
node/9234402081,charging_station,"Tesla, Inc.",Tesla Destination Charger,,Tesla,,,,,,,,,
node/9247816817,charging_station,,,,,,,,,,,,,
node/9255078725,charging_station,"Tesla, Inc.",Tesla Destination Charger,,Tesla,,,,,,,,,
node/9273513112,charging_station,Tesla Supercharger,"- 6 cables supplied by Tesla, with the standard CCS/SAE plug, with a max output of 250 kW  - 6 × 250kW Superchargers CCS2 only Enter via Karrinyup Road, follow signs for Fresh Market/Valet. Enter basement, take first Right. Chargers at end of aisle on Rig",,Tesla,,,,,,,,,
node/9273513113,charging_station,Tesla Supercharger,Eaton Supercharger,,Tesla,6,,,,,,,,
node/9277136375,charging_station,,"Type2, non networked, 2 plugs. BYO Type 2 cable.
4h Parking. See plugshare for instructions",,,,,,,,,,,
node/9277136376,charging_station,,"Lakeside Joondalup - Myer Carpark, Type 2, non networked, 2 plugs. BYO Type 2 cable.

4h parking.

The bays are on the ground floor of the multi storey car park, area “C”, close to the entrance to the shops.

See plugshare for instructions.",,,,,,,,,,,
node/9278715200,charging_station,,,,,,,,,,,,,
node/9278741544,charging_station,,,,,,,,,,,,,
node/9278772628,charging_station,,,,,,,,,,,,,
node/9287553131,charging_station,,"Murray Bridge Visitor Centre, Circontrol Type 2 AC dual socket. 22kW per socket. Free charging until further notice",,,4,,,,,,,,
node/9290610873,charging_station,,Richmond Tavistock No. 3,,,,,1,,,,,,
node/9290676154,charging_station,,ANZAC Wise,,,,,,,,,,,
node/9290676155,charging_station,,Goodwood St,,,,,,,,,,,
node/9290790988,charging_station,,,,,,,,,,,,,
node/9291799180,charging_station,Tesla Supercharger,Tesla Supercharger,,Tesla,,,,,,,,,
node/9295253802,charging_station,,,,,,,,,,,,,
node/9309912420,charging_station,,,,,,,,,,,,,
node/9314985309,charging_station,Tesla Supercharger,Horsham Darlot St Supercharger,,Tesla,,,,,,,,,
node/9323036820,charging_station,,,,,,,1,,,,,,
node/9331261766,charging_station,,,,,,,,,,,,,
node/9344898113,charging_station,,,,,,,,,,,,,
node/9347175037,charging_station,,,,,,,,,,,,,
node/9354339800,charging_station,,,,,,,,,,,,,
node/9363608762,charging_station,,,,,,,,,,,,,
node/9366472089,charging_station,,,,,,,,,,,,,
node/9366873533,charging_station,,Chargefox Shell Cove,,,,,,,,,,,
node/9377947870,charging_station,chargefox,Light Square Charging Station,,,2,,,,,,,,
node/9377956590,charging_station,Tesla,Barunga West Council,,,,,,,,,,,
node/9377957708,charging_station,Chargefox,,,,2,,,,,,,,
node/9377978026,charging_station,Chargefox,,,,,,2,,,,,,
node/9377978027,charging_station,Chargefox,,,,2,,,,,,,,
node/9377982881,charging_station,,Grosvenor Gardens charger,,,,,,,,,,,
node/9377983050,charging_station,,,,,2,,,,,,,,
node/9377999297,charging_station,"Tesla, Inc.",,,Tesla,,,,,,,,,
node/9378018013,charging_station,,Yankalilla Council Chambers,,,,,,,,,,,
node/9378951502,charging_station,Jetcharge,,24/7,,22 kW,,,,,,,,
node/9380626727,charging_station,"Tesla, Inc.",Minlaton Charging Station,,Tesla,1,,,,,,,,
node/9380642063,charging_station,"Tesla, Inc.",Ardrossan Charging Station,,Tesla,1,,,,,,,,
node/9404724469,charging_station,,,,,,,,,,,,,
node/9408923628,charging_station,,,,,,,,,,,,,
node/9408929771,charging_station,,,,,,,,,,,,,
node/9413056471,charging_station,RAC,,,,,,,,,,,,
node/9426539670,charging_station,,Caiguna Roadhouse,,,,,,,,,,,
node/9426555291,charging_station,,,,,,,,,,,,,
node/9467315676,charging_station,Tesla Supercharger,Tesla Supercharger,,Tesla,,,,,,,,,
node/9470340169,charging_station,,,,,,,,,,,,,
node/9480216684,charging_station,,,,,,,,,,,,,
node/9481080902,charging_station,,,,,,,,,,,,,
node/9491233549,charging_station,,,24/7,,,,1,,,,,,
node/9491293057,charging_station,,,,,,,1,,,,,,
node/9514983917,charging_station,,,24/7,,,,yes,,,,,,
node/9521361334,charging_station,Tesla Destination Charger,,08:00-17:00,,,,,,,,,,
node/9533110008,charging_station,Tesla Supercharger,Tesla Supercharger,,Tesla,,,,,,,,,
node/9536966801,charging_station,,,,,,,,,,,,,
node/9546004749,charging_station,,,24/7,,,,1,,,,,,
node/9563743390,charging_station,,,,,,,,,,,,,
node/9576559983,charging_station,Veefil,,,,,,,,,,,,
node/9603490031,charging_station,,,,,,,,,,,,,
node/9607930796,charging_station,,,,,yes,,,,,,,,
node/9610280217,charging_station,,,,,,,,,,,,,
node/9610280317,charging_station,,,,,,,,,,,,,
node/9619986125,charging_station,"Tesla, Inc",,24/7,,,,,,,,,,
node/9653279214,charging_station,,,,,,,,,,,,,
node/9672846122,charging_station,,,,,,,,,,,,,
node/9679133660,charging_station,,,,,,,,,,,,,
node/9682654068,charging_station,,Harvey Parking Lot,,,1,,1,,,,,,
node/9682737335,charging_station,,,,,no,,,,,,,,
node/9682737336,charging_station,"Tesla, Inc.",Tesla Destination Charger,,Tesla,,,,,,,,,
node/9682737337,charging_station,"Tesla, Inc.",Tesla Destination Charger,,Tesla,,,,,,,,,
node/9704345344,charging_station,,,,,,,,,,,,,
node/9704706490,charging_station,,,24/7,,,,1,,,,,,
node/9710289580,charging_station,"Tesla, Inc.",Tesla Destination Charger,,Tesla,,,,,,,,,
node/9712759905,charging_station,,,,,,,,,,,,,
node/9712774534,charging_station,,,,,,,,,,,,,
node/9712993934,charging_station,,,,,1,,,,,,,,
node/9737993455,charging_station,,,,,,,,,,,,,
node/9738285222,charging_station,,,,,,,,,,,,,
node/9738634914,charging_station,,,,,,,2,,,,,,
node/9750631071,charging_station,,,,,,,,,,,,,
node/9765677232,charging_station,,,,,,,4,,,,,,
node/9765719405,charging_station,,,,,,,,,,,,,
node/9771012966,charging_station,,NRMA Tritium,,,,,,,,,,,
node/9771012967,charging_station,,NRMA Tritium,,,,,,,,,,,
node/9786977964,charging_station,,,,,,,,,,,,,
node/9787101923,charging_station,ChargePoint,,,,,,,,,,,,
node/9791477376,charging_station,,,,,,,2,,,,,,
node/9797555741,charging_station,,,,,,,2,,,,,,
node/9829541757,charging_station,,"Eat Street Northshore, 1 Tesla Connector, up to 22kW.
Available to the public. Self park.",,,,,,,,,,,
node/9835982929,charging_station,,,Mo-Tu off; We-Su 10:00-16:00,,,,1,,,,,,
node/9837441201,charging_station,,EHT - Ouse,,,,,1,,,,,,
node/9837441203,charging_station,,,24/7,,,,1,,,,7150,TAS,
node/9837441206,charging_station,Electric Highway Tasmania,,24/7,,1,,1,,,,7214,TAS,
node/9837441207,charging_station,,,,,,,,,,,,,
node/9843352654,charging_station,,BYO cables,,,,,,,,,,,
node/9852170665,charging_station,,,,,,,2,,,,,,
node/9863000835,charging_station,,,,,,,,,,,,,
node/9863034303,charging_station,,,,,,,2,,,,,,
node/9864969279,charging_station,"Tesla, Inc.","P2 blue, 4 destination chargers",,Tesla,,,,,,,,,
node/9880056998,charging_station,Charging the Regions,,,,,,1,,,,,,
node/9880389305,charging_station,"Tesla, Inc.",Tesla Destination Charger,,Tesla,,,,,,,,,
node/9898771270,charging_station,,,,,,,,,,,,,
node/9900811626,charging_station,,Wall PowerPoint in twenty two north. Was made available to hotel guests on request.,,,,,,,,,,,
node/9916436896,charging_station,,,,,,,,,,,,,
node/9930952737,charging_station,,,,,2,,,,,,,,
node/9930952738,charging_station,,,,,2,,,,,,,,
node/9930952741,charging_station,,,,,2,,,,,,,,
node/9932826382,charging_station,,,,,,,,,,,,,
node/9932826383,charging_station,,,,,,,,,,,,,
node/9932826384,charging_station,,,,,,,,,,,,,
node/9932826385,charging_station,,,,,,,,,,,,,
node/9939260096,charging_station,,,,,,,,,,,,,
node/9953777925,charging_station,,,,,,,,,,,,,
node/9958152708,charging_station,,Rhodes Central,,,,,,,,,,,
node/9960709498,charging_station,,,,,,,,,,,,,
node/9965036281,charging_station,,,,,,,1,,,,,,
node/9987263214,charging_station,"Tesla, Inc.",,,Tesla,,,,,,,,,
node/9996192046,charging_station,,,,,,,,,,,,,
node/10007469304,charging_station,,Marina Square,,,3,,,,,,,,
node/10007505419,charging_station,"Tesla, Inc.",Castle Towers,,Tesla,3,,,,,,,,
node/10007612223,charging_station,,,,,,,,,,,,,
node/10010196224,charging_station,Jetcharge,,,,2,,,,,,,,
node/10011175454,charging_station,,,,,,,,,,,,,
node/10026076729,charging_station,,,,,,,2,,,,,,
node/10035347983,charging_station,,,,,,,2,,,,,,
node/10042338532,charging_station,,,,,,,2,,,,,,
node/10048386532,charging_station,,,,,,,,,,,,,
node/10048907994,charging_station,Tesla Supercharger,,,Tesla,,,,,,,,,
node/10048914044,charging_station,,,,,,,1,,,,,,
node/10050161556,charging_station,,Rhodes Waterside,Mo-Su 06:00-00:00,,4,,,,,,,,
node/10060883781,charging_station,,,,,,,1,,,,,,
node/10062824393,charging_station,Charging the Regions,,,,,,1,,,,,,
node/10091269880,charging_station,,,,,,,,,,,,,
node/10091269881,charging_station,,,,,,,,,,,,,
node/10091269882,charging_station,,,,,,,,,,,,,
node/10095102213,charging_station,"Tesla, Inc.",Tesla Destination Charger,,Tesla,,,,,,,,,
node/10096554725,charging_station,,EHT - Maydena,,,1,,1,,,,,,
node/10100811799,charging_station,BP Pulse,BP Pulse,,,,,1,,,,,,
node/10118356075,charging_station,Charging the Regions,,,,,,1,,,,,,
node/10125281319,charging_station,,,,,,,,,,,,,
node/10125281321,charging_station,,,,,,,,,,,,,
node/10125281322,charging_station,,,,,,,,,,,,,
node/10136616439,charging_station,,,,,6,,,,,,,,
node/10147383653,charging_station,,,,,,,,,,,,,
node/10156617736,charging_station,BP Pulse,BP Pulse,,,,,1,,,,,,
node/10159370719,charging_station,,,,,,,1,,,,,,
node/10161079414,charging_station,,,,,1,,,,,,,,
node/10172694522,charging_station,Tesla Supercharger,Tesla Supercharger,,Tesla,,,,,,,,,
node/10177425298,charging_station,,,,,,,,,,,,,
node/10180304091,charging_station,,,,,,,,,,,,,
node/10180321115,charging_station,,,,,,,,,,,,,
node/10182377477,charging_station,Charging the Regions,,,,,,1,,,,,,
node/10182414072,charging_station,,,,,,,,,,,,,
node/10184502299,charging_station,,,,,,,2,,,,,,
node/10184521127,charging_station,,,,,,,2,,,,,,
node/10184551929,charging_station,,,,,,,1,,,,,,
node/10184611930,charging_station,,,,,,,,,,,,,
node/10184645214,charging_station,,,,,,,,,,,,,
node/10196181562,charging_station,,,,,,,,,,,,,
node/10203808935,charging_station,,,,,2,,2,,,,,,
node/10203818135,charging_station,,Bring your own cables,,,1,,,,,,,,
node/10203832127,charging_station,,,,,,,,,,,,,
node/10205558112,charging_station,Charging the Regions,,,,,,1,,,,,,
node/10205699729,charging_station,Charging the Regions,,,,,,,,,,,,
node/10208662680,charging_station,,,,,,,,,,,,,
node/10208698066,charging_station,,,,,,,2,,,,,,
node/10218282678,charging_station,BP Pulse,,,,,,1,,,,,,
node/10224669726,charging_station,,,,,,,,,,,,,
node/10224669728,charging_station,,,,,,,,,,,,,
node/10224962961,charging_station,Woolworths,,,,,,yes,,,,,,
node/10224962962,charging_station,Woolworths,,,,,,yes,,,,,,
node/10232012344,charging_station,,BP Pulse,,,,,,,,,,,
node/10234390097,charging_station,,,,,,,,,,,,,
node/10235078090,charging_station,,,,,1,,1,,,,,,
node/10241615471,charging_station,,,,,,,,,,,,,
node/10250262062,charging_station,,,,,,,,,,,,,
node/10250489983,charging_station,,,,,,,,,,,,,
node/10258355351,charging_station,Tesla Supercharger,Tesla Supercharger,,Tesla,,,,,,,,,
node/10263943171,charging_station,,,,,,,1,,,,,,
node/10263943172,charging_station,,,,,,,1,,,,,,
node/10269247316,charging_station,,,,,,,,,,,,,
node/10271676341,charging_station,Tesla Supercharger,,,Tesla,,,,,,,,,
node/10296267794,charging_station,,,,,,,,,,,,,
node/10301768369,charging_station,,,,,,,,,,,,,
node/10309600584,charging_station,Tesla Supercharger,,,Tesla,,,,,,,,,
node/10312526546,charging_station,,,,,2,,,,,,,,
node/10314029528,charging_station,,,,,,,,,,,,,
node/10561388116,charging_station,,,,,1,,,,,,,,
node/10563108217,charging_station,,,,,,,,,,,,,
node/10564461448,charging_station,"Tesla, Inc.",,,Tesla,,,,,,,,,
node/10575852367,charging_station,,No Telstra phone coverage in area so RFID needed,,,,,,,,,,,
node/10585020728,charging_station,,,,,,,,,,,,,
node/10590006365,charging_station,,,,,,,,,,,,,
node/10597363016,charging_station,,may be private?,,,1,,1,,,,,,
node/10600868218,charging_station,RAC,,,,,,,,,,,,
node/10606057530,charging_station,,,,,,,,,,,,,
node/10607603446,charging_station,,,,,,,,,,,,,
node/10628109252,charging_station,,,,,,,,,,,,,
node/10647829948,charging_station,,,,,,,1,,,,,,
node/10652018665,charging_station,,,,,,,,,,,,,
node/10665886981,charging_station,,,,,,,1,,,,,,
node/10687053371,charging_station,,,,,,,,,,,,,
node/10687069739,charging_station,,,,,,,,,,,,,
node/10687073170,charging_station,,,,,,,,,,,,,
node/10698083860,charging_station,Electrona,,24/7,,,,,,Bicheno,AU,,TAS,
node/10708226454,charging_station,,"City of Sydney on street charging, operated by CBRE. Meter ID 50354",,,,,,,,,,,
node/10717941533,charging_station,,,,,,,,,,,,,
node/10720208509,charging_station,,,,,,,,,,,,,
node/10720898724,charging_station,,,,,,,1,,,,,,
node/10723068483,charging_station,,,,,,,,,,,,,
node/10724628252,charging_station,,,,,,,1,,,,,,
node/10724639943,charging_station,,,,,,,2,,,,,,
node/10724955406,charging_station,,,,,,,,,,,,,
node/10738276283,charging_station,,EV charging station. Not yet active as of 2/June/2023,,,,,2,,,,,,
node/10744208052,charging_station,,,,,,,,,,,,,
node/10744312168,charging_station,,,,,,,2,,,,,,
node/10744341618,charging_station,,,,,,,1,,,,,,
node/10744548980,charging_station,,,,,2,,1,,,,,,
node/10744578942,charging_station,,,,,,,,,,,,,
node/10744581205,charging_station,,,,,4,,,,,,,,
node/10744595484,charging_station,,,,,,,,,,,,,
node/10744604228,charging_station,,,,,1,,1,,,,,,
node/10744631135,charging_station,Tesla Supercharger,,,Tesla,,,,,,,,,
node/10747234585,charging_station,Engie,,,,,,1,,,,,,
node/10747930958,charging_station,"Tesla, Inc.",,,Tesla,,,,,,,,,
node/10750707216,charging_station,,,,,,,,,,,,,
node/10750707217,charging_station,,,,,,,,,,,,,
node/10770078050,charging_station,,,,,,,1,,,,,,
node/10770496461,charging_station,,,,,1,,1,,,,,,
node/10770515438,charging_station,,,,,1,,1,,,,,,
node/10772373678,charging_station,ABB,,,,1,,1,,,,,,
node/10772401236,charging_station,,,,,,,1,,,,,,
node/10772422189,charging_station,,,,,4,,,,,,,,
node/10772464492,charging_station,Kempower,,,,,,2,,,,,,
node/10774220953,charging_station,Tesla Supercharger,,,Tesla,,,,,,,,,
node/10778712392,charging_station,,,,,,,,,,,,,
node/10778861141,charging_station,ChargePoint,,,,,,,,,,,,
node/10779001859,charging_station,EVlink,,,,,,,,,,,,
node/10780543260,charging_station,,,,,,,,,,,,,
node/10783513810,charging_station,,,,,,,,,,,,,
node/10792695777,charging_station,,,,,,,,,,,,,
node/10796609690,charging_station,EVUp,,,,,,,,,,,,
node/10800544064,charging_station,,,,,,,,,,,,,
node/10807470662,charging_station,BP Pulse,,,,,,,,,,,,
node/10807822822,charging_station,,,,,,,,,,,,,
node/10815538922,charging_station,Tesla Supercharger,South Point Tuggeranong Supercharger,24/7,Tesla,,,,,,,,,
node/10815562193,charging_station,Tesla Supercharger,Tesla Supercharger,,Tesla,,,,,,,,,
node/10815638128,charging_station,Tesla Supercharger,Tesla Supercharger,,Tesla,,,,,,,,,
node/10815896313,charging_station,"Tesla, Inc.",,,Tesla,,,,,,,,,
node/10815896314,charging_station,"Tesla, Inc.",,,Tesla,,,,,,,,,
node/10817075802,charging_station,"Tesla, Inc.",,,Tesla,,,,,,,,,
node/10840954672,charging_station,,,,,,,,,,,,,
node/10841728252,charging_station,,,,,,,,,,,,,
node/10856712697,charging_station,Tesla Supercharger,,,Tesla,,,,,,,,,
node/10861584624,charging_station,,,,,,,2,,,,,,
node/10861761260,charging_station,Tesla Supercharger,,,Tesla,,,,,,,,,
node/10863588015,charging_station,,,,,,,,,,,,,
node/10863607717,charging_station,,,,,,,,,,,,,
node/10864661364,charging_station,,,,,,,,,,,,,
node/10872527226,charging_station,BP pulse,,,,,,,,,,,,
node/10892673392,charging_station,,,,,,,1,,,,,,
node/10892824559,charging_station,,,,,,,1,,,,,,
node/10895054616,charging_station,,,,,,,,,,,,,
node/10899273472,charging_station,,,,,,,,,,,,,
node/10907235224,charging_station,BP Pulse,,,,,,,,,,,,
node/10909787138,charging_station,BP Pulse,,,,,,,,,,,,
node/10919805054,charging_station,,,,,,,,,,,,,
node/10923020181,charging_station,BP Pulse,,,,,,,,,,,,
node/10923045686,charging_station,,,,,4,,,,,,,,
node/10923134040,charging_station,,,,,,,2,,,,,,
node/10923255879,charging_station,,,,,,,2,,,,,,
node/10923455696,charging_station,,,,,,,,,,,,,
node/10923467119,charging_station,,,,,,,1,,,,,,
node/10923519868,charging_station,,,,,,,1,,,,,,
node/10923543492,charging_station,,,,,,,1,,,,,,
node/10923549956,charging_station,,,,,,,1,,,,,,
node/10924895189,charging_station,,,,,,,,,,,,,
node/10925453549,charging_station,Tesla,,24/7,,,,,,,,,,
node/10925612987,charging_station,,,,,,,1,,,,,,
node/10925613031,charging_station,,,,,,,1,,,,,,
node/10925614342,charging_station,,,,,,,,,,,,,
node/10925614395,charging_station,,,,,,,1,,,,,,
node/10925625893,charging_station,,,,,,,1,,,,,,
node/10925645681,charging_station,,,,,,,1,,,,,,
node/10925657911,charging_station,,,,,,,1,,,,,,
node/10925696347,charging_station,,,,,,,1,,,,,,
node/10925720436,charging_station,,,,,,,,,,,,,
node/10927958414,charging_station,,,,,,,2,,,,,,
node/10931032796,charging_station,,,,,,,,,,,,,
node/10931072151,charging_station,,,,,,,1,,,,,,
node/10933923525,charging_station,,,,,,,1,,,,,,
node/10937312713,charging_station,,,,,,,,,,,,,
node/10938919622,charging_station,BP Pulse,,,,,,,,,,,,
node/10938996112,charging_station,,,,,,,1,,,,,,
node/10943436950,charging_station,,,,,,,,,,,,,
node/10943888598,charging_station,,,,,,,,,,,,,
node/10948726931,charging_station,,,,,,,,,,,,,
node/10956385611,charging_station,,,24/7,,,,1,,,,,,
node/10956647220,charging_station,,,,,,,2,,,,,,
node/10959087488,charging_station,BP Pulse,,,,,,,,,,,,
node/10967531522,charging_station,,,,,,,,,,,,,
node/10971491088,charging_station,,,,,,,,,,,,,
node/10977915310,charging_station,,,,,,,1,,,,,,
node/10984470645,charging_station,BP Pulse,,,,,,,,,,,,
node/10992560808,charging_station,,,,,,,,,,,,,
node/11004256023,charging_station,,,,,,,1,,,,,,
node/11016679900,charging_station,,,,,,,,,,,,,
node/11016758544,charging_station,,,,,,,,,,,,,
node/11016872776,charging_station,Jolt,,,,,,,,,,,,
node/11021093600,charging_station,,,,,,,1,,,,3393,VIC,
node/11021194892,charging_station,,,,,,,1,,,,,,
node/11041250798,charging_station,,,,,,,,,,,,,
node/11043365400,charging_station,Tesla Supercharger,,,Tesla,,,,,,,,,
node/11043399301,charging_station,Tesla Supercharger,,,Tesla,,,,,,,,,
node/11043868290,charging_station,,,,,,,1,,,,,,
node/11048936553,charging_station,Engie,,,,,,,,,,,,
node/11049081033,charging_station,,,,,,,,,,,,,
node/11049270181,charging_station,,,24/7,,,,1,,,,,,
node/11049290237,charging_station,,,,,,,,,,,,,
node/11049292149,charging_station,,,24/7,,,,1,,,,,,
node/11049294289,charging_station,,,,,,,,,,,,,
node/11050379972,charging_station,,,,,,,1,,,,,,
node/11055831302,charging_station,,,,,,,1,,,,,,
node/11060799096,charging_station,,,,,,,,,,,,,
node/11073160376,charging_station,,,,,,,,,,,,,
node/11079299253,charging_station,,,,,,,,,,,,,
node/11085593508,charging_station,Tesla Supercharger,,,Tesla,,,,,,,,,
node/11092548399,charging_station,Ezy Charger,,,,,,,,,,,,
node/11108914408,charging_station,Jolt,,,,,,,,,,,,
node/11117784408,charging_station,,,,,,,1,,,,,,
node/11118158089,charging_station,,,,,,,1,,,,,,
node/11119093383,charging_station,,,,,,,,,,,,,
node/11129264613,charging_station,,,,,,,1,,,,,,
node/11129535113,charging_station,,,,,,,,,,,,,
node/11135601782,charging_station,,"2 off 5kW chargers, free",,,,,,,,,,,
node/11137132736,charging_station,,,,,,,2,,,,,,
node/11137421689,charging_station,,,,,,,,,,,,,
node/11137421690,charging_station,,,,,,,,,,,,,
node/11140163995,charging_station,Electric Highway Tasmania,,,,2,,2,,,,7050,TAS,
node/11140224982,charging_station,"Tesla, Inc.",,,Tesla,,,,,,,,,
node/11140229945,charging_station,,,24/7,,,,,,,,,,
node/11142742081,charging_station,,,,,2,,,,,,,,
node/11142747612,charging_station,BP Pulse,,,,,,,,,,,,
node/11142747613,charging_station,,,,,,,,,,,,,
node/11142763864,charging_station,,,,,,,,,,,,,
node/11155180657,charging_station,Tesla Supercharger,,,Tesla,,,,,,,,,
node/11158866814,charging_station,,,,,,,,,,,,,
node/11167384460,charging_station,,,,,,,,,,,,,
node/11175994294,charging_station,,,,,,,1,,,,,,
node/11176002637,charging_station,,,,,,,1,,,,,,
node/11184921745,charging_station,,,,,,,2,,,,,,
node/11189565177,charging_station,,,,,,,,,,,,,
node/11189621827,charging_station,,,,,,,,,,,,,
node/11189656496,charging_station,,,,,,,,,,,,,
node/11217247140,charging_station,Charging the Regions,,,,,,1,,,,,,
node/11217250326,charging_station,Charging the Regions,,,,,,1,,,,,,
node/11217255913,charging_station,Charging the Regions,,,,,,1,,,,,,
node/11219920873,charging_station,Tesla Supercharger,,,Tesla,,,,,,,,,
node/11221448525,charging_station,,,,,,,,,,,,,
node/11221461253,charging_station,,,,,2,,,,,,,,
node/11221609471,charging_station,,,,,,,,,,,,,
node/11228046134,charging_station,,,,,,,1,,,,,,
node/11228085088,charging_station,,,,,,,1,,,,,,
node/11228098627,charging_station,,,,,,,,,,,,,
node/11234771568,charging_station,,,,,,,1,,,,,,
node/11242774690,charging_station,Jolt,,,,,,,,,,,,
node/11242854532,charging_station,,,,,,,,,,,,,
node/11254805479,charging_station,EVlink,,,,,,,,,,,,
node/11258008348,charging_station,,,,,,,,,,,,,
node/11263803078,charging_station,,,,,,,,,,,,,
node/11276547806,charging_station,,,,,,,1,,,,,,
node/11278409135,charging_station,,,,,,,,,,,,,
node/11280883851,charging_station,Tesla Supercharger,,,Tesla,,,,,,,,,
node/11289934645,charging_station,Tesla Supercharger,,,Tesla,,,,,,,,,
node/11290026319,charging_station,Tesla Supercharger,,,Tesla,,,,,,,,,
node/11330332493,charging_station,,,,,,,,,,,,,
node/11334781754,charging_station,,,,,,,1,,,,,,
node/11335132177,charging_station,,,,,,,,,,,,,
node/11335189892,charging_station,,,,,,,,,,,,,
node/11335199123,charging_station,,,,,,,,,,,,,
node/11340711533,charging_station,,,,,,,,,,,,,
node/11343836754,charging_station,,,,,,,,,,,,,
node/11345075655,charging_station,,,,,,,,,,,,,
node/11350711593,charging_station,,,,,,,1,,,,,,
node/11363461220,charging_station,,,,,,,1,,,,,,
node/11363471775,charging_station,,,,,,,,,,,,,
node/11363483511,charging_station,,,,,,,,,,,,,
node/11365114635,charging_station,,,,,,,1,,,,,,
node/11365136257,charging_station,,,,,,,,,,,,,
node/11365173050,charging_station,BP Pulse,,,,,,,,,,,,
node/11365214134,charging_station,,,,,,,2,,,,,,
node/11365333103,charging_station,,,,,,,1,,,,,,
node/11365343113,charging_station,,,,,,,,,,,,,
node/11365378588,charging_station,,,,,,,,,,,,,
node/11365383504,charging_station,,,,,,,,,,,,,
node/11365384558,charging_station,,,,,,,,,,,,,
node/11365392374,charging_station,Chargefox,,,,,,,,,,,,
node/11365395410,charging_station,,,,,,,,,,,,,
node/11365406878,charging_station,,,,,,,,,,,,,
node/11365413603,charging_station,,,,,,,,,,,,,
node/11365424991,charging_station,,,,,,,,,,,,,
node/11365424997,charging_station,,,,,,,,,,,,,
node/11365426315,charging_station,,,,,,,,,,,,,
node/11365433327,charging_station,,,,,,,,,,,,,
node/11365555254,charging_station,,,,,,,,,,,,,
node/11365605210,charging_station,,,,,,,,,,,,,
node/11365927573,charging_station,,,,,,,,,,,,,
node/11367720683,charging_station,,,,,,,1,,,,,,
node/11367761844,charging_station,,,,,,,1,,,,,,
node/11372241486,charging_station,,,,,,,,,,,,,
node/11375022640,charging_station,,,,,2,,,,,,,,
node/11376091854,charging_station,Charging the Regions,,,,,,1,,,,,,
node/11376098457,charging_station,Charging the Regions,,,,,,1,,,,,,
node/11377314807,charging_station,Tesla Supercharger,,,Tesla,,,,,,,,,
node/11384855150,charging_station,,,,,,,1,,,,,,
node/11386697708,charging_station,Tesla Supercharger,,,Tesla,,,,,,,,,
node/11386820692,charging_station,,,,,,,,,,,,,
node/11386821436,charging_station,,,,,,,,,,,,,
node/11395425005,charging_station,,,,,,,1,,,,,,
node/11395449317,charging_station,,,,,,,1,,,,,,
node/11395749542,charging_station,Tesla Supercharger,,,Tesla,,,,,,,,,
node/11404710581,charging_station,,,,,,,1,,,,,,
node/11406998570,charging_station,,,24/7,,,,,,,,4566,,
node/11413716984,charging_station,,,,,,,1,,,,,,
node/11413873598,charging_station,,,,,,,,,,,,,
node/11413941452,charging_station,,,,,,,1,,,,,,
node/11413950126,charging_station,,,,,6,,,,,,,,
node/11415799827,charging_station,,,,,,,1,,,,,,
node/11419885107,charging_station,,,,,,,1,,,,,,
node/11419886723,charging_station,,,,,,,,,,,,,
node/11422466181,charging_station,,,,,4,,,,,,,,
node/11425324344,charging_station,Tesla Supercharger,,,Tesla,,,,,,,,,
node/11425340896,charging_station,,,,,,,1,,,,,,
node/11427578131,charging_station,BP Pulse,,,,,,,,,,,,
node/11430520548,charging_station,,,,,,,1,,,,,,
node/11433418128,charging_station,Tesla Supercharger,,,Tesla,,,,,,,,,
node/11433579681,charging_station,Tesla Supercharger,,,Tesla,,,,,,,,,
node/11433584698,charging_station,Tesla Supercharger,,,Tesla,,,,,,,,,
node/11434374870,charging_station,,,,,,,1,,,,,,
node/11434397370,charging_station,,,,,,,2,,,,,,
node/11434440056,charging_station,Tesla Supercharger,,,Tesla,,,,,,,,,
node/11440214108,charging_station,,,,,,,1,,,,,,
node/11445377809,charging_station,,,,,,,,,,,,,
node/11447868870,charging_station,,,,,,,,,,,,,
node/11455171314,charging_station,Engie,,,,,,,,,,,,
node/11463047965,charging_station,,,,,,,,,,,,,
node/11465379143,charging_station,,,,,,,1,,,,,,
node/11494560491,charging_station,,,,,,,,,,,,,
node/11495572569,charging_station,,,,,,,,,,,,,
node/11504837499,charging_station,Charging the Regions,,,,,,1,,,,,,
node/11504841063,charging_station,Charging the Regions,,,,,,1,,,,,,
node/11506870062,charging_station,Charging the Regions,,,,,,1,,,,,,
node/11506874164,charging_station,,,,,,,1,,,,,,
node/11507767364,charging_station,,,,,4,,,,,,,,
node/11526398297,charging_station,,,,,,,1,,,,,,
node/11529283544,charging_station,,,,,1,,,,,,,,
node/11548535146,charging_station,,,24/7,,,,,,,,,,
node/11559043538,charging_station,,,,,,,1,,,,,,
node/11565614049,charging_station,,,,,,,,,,,,,
node/11566319008,charging_station,,,,,,,2,,,,,,
node/11572184459,charging_station,,,,,,,,,,,,,
node/11577859205,charging_station,,,,,,,1,,,,,,
node/11577888417,charging_station,,,,,,,1,,,,,,
node/11578300609,charging_station,Jetcharge,,,,1,,,,,,,,
node/11590215721,charging_station,,,,,,,1,,,,,,
node/11590237423,charging_station,,,,,,,1,,,,,,
node/11599375156,charging_station,,,,,,,,,,,,,
node/11648746507,charging_station,,,,,,,,,,,,,
node/11679137269,charging_station,,,,,,,1,,,,,,
node/11679262104,charging_station,,,,,,,,,,,,,
node/11689937303,charging_station,,,,,,,1,,,,,,
node/11695236309,charging_station,,,,,,,1,,,,,,
node/11702410958,charging_station,,,,,,,,,,,,,
node/11726440600,charging_station,,,,,,,,,,,,,
node/11738297527,charging_station,,,,,,,,,,,,,
node/11749050171,charging_station,Tesla Supercharger,,,Tesla,,,,,,,,,
node/11749053754,charging_station,Tesla Supercharger,,,Tesla,,,,,,,,,
node/11749067827,charging_station,Tesla Supercharger,,,Tesla,,,,,,,,,
node/11792059229,charging_station,Tesla Supercharger,,,Tesla,,,,,,,,,
node/11792059230,charging_station,WA EV Network,,,,,,,,,,,,
node/11800735919,charging_station,Tritium,,,,,,,,,,,,
node/11806155972,charging_station,EVlink,,,,,,,,,,,,
node/11808829441,charging_station,,,,,,,1,,,,,,
node/11815611441,charging_station,,,,,,,,,,,,,
node/11826593936,charging_station,,,,,,,,,,,,,
node/11826782983,charging_station,,,,,,,,,,,,,
node/11826783777,charging_station,,,,,,,,,,,,,
node/11840233273,charging_station,,,,,2,,,,,,,,
node/11840528797,charging_station,EVLink,,,,2,,,,,,,,
node/11840562088,charging_station,,,,,,,,,,,,,
node/11842613041,charging_station,Tesla Supercharger,,,Tesla,,,,,,,,,
node/11842761957,charging_station,,,,,3,,1,,,,,,
node/11842876526,charging_station,Engie,,,,,,,,,,,,
node/11845737187,charging_station,,,,,,,,,,,,,
node/11853840472,charging_station,,,,,,,,,,,,,
node/11885672552,charging_station,,Wycheproof,,,,,,,,,,,
node/11897759707,charging_station,,,,,,,,,,,,,
