amenity,operator,geometry,capacity,addr:city,addr:housenumber,addr:street,location,brand,socket_type
charging_station,,"POLYGON ((150.8323303 -32.4473776, 150.8322847 -32.4473524, 150.8321618 -32.4475109, 150.8322075 -32.4475361, 150.8323303 -32.4473776))",5.288250652741515,,,,,"Tesla, Inc.",Tesla Supercharger
charging_station,"Tesla, Inc.","POLYGON ((139.5011723 -35.3040185, 139.5012011 -35.3040544, 139.5012277 -35.3040401, 139.5012529 -35.3040264, 139.5012757 -35.3040137, 139.501299 -35.304001, 139.5013229 -35.3039874, 139.5013471 -35.3039736, 139.5013176 -35.3039393, 139.5012935 -35.3039531, 139.5012707 -35.3039659, 139.5012467 -35.3039787, 139.5012244 -35.3039909, 139.501199 -35.3040043, 139.5011723 -35.3040185))",6.0,,,,,Tesla Supercharger,Unknown
charging_station,,"POLYGON ((138.5748466 -35.0081462, 138.5748542 -35.0081967, 138.5750899 -35.0081669, 138.5750818 -35.0081176, 138.5748466 -35.0081462))",5.288250652741515,,,,,,Unknown
charging_station,Darwin Airport,"POLYGON ((130.877993 -12.4074783, 130.8779695 -12.4075449, 130.8780173 -12.4075609, 130.8780407 -12.4074944, 130.877993 -12.4074783))",3.0,,,,,Tesla Destination,Type 2
charging_station,,"POLYGON ((144.9937152 -37.8037876, 144.9937602 -37.8035113, 144.9937013 -37.8035051, 144.9936529 -37.803781, 144.9937152 -37.8037876))",5.288250652741515,,,,,EVlink,Unknown
charging_station,HomeCo North Lakes,"POLYGON ((153.0137566 -27.2394365, 153.0137045 -27.2394189, 153.0135673 -27.2397415, 153.0136194 -27.239759, 153.0137566 -27.2394365))",9.0,,95,North Lakes Drive,,Tesla,Tesla Supercharger
charging_station,,POINT (115.8715309 -31.9362523),5.288250652741515,,,,,,Unknown
charging_station,ChargePoint,POINT (115.8348552 -32.0346555),5.288250652741515,,,,,ChargePoint,Unknown
charging_station,ChargePoint,POINT (151.6438477 -32.9358797),5.288250652741515,,,,,ChargePoint,Unknown
charging_station,,POINT (146.4125226 -41.218297),2.0,,,,,,Type 2
charging_station,"Tesla, Inc.",POINT (149.7209942 -34.7554799),8.0,,201,Sloane Street,,Tesla Supercharger,Tesla Supercharger
charging_station,"Tesla, Inc.",POINT (145.5734088 -36.7527958),6.0,Euroa,,,,Tesla Supercharger,Tesla Supercharger
charging_station,"Tesla, Inc.",POINT (146.8900517 -36.1237775),5.288250652741515,Wodonga,5-13,Havelock Street,,Tesla Supercharger,Tesla Supercharger
charging_station,"Tesla, Inc.",POINT (148.1098598 -35.0021004),6.0,,,,,Tesla Supercharger,Tesla Supercharger
charging_station,,POINT (145.0824905 -37.8872284),4.0,Chadstone,1341,Dandenong Road,,"Tesla, Inc.",Tesla Supercharger
charging_station,,POINT (145.2116252 -38.0270897),2.0,,,,,,Unknown
charging_station,,POINT (143.8664155 -37.5753648),5.288250652741515,,,,,,Unknown
charging_station,Museums Victoria,POINT (144.9719796 -37.8042881),2.0,,,,underground,,Unknown
charging_station,"Tesla, Inc.",POINT (144.9957089 -37.8321721),4.0,,5/650,Church Street,,Tesla Supercharger,Tesla Supercharger
charging_station,"Tesla, Inc.",POINT (143.8226401 -37.5346311),6.0,,,,,Tesla Supercharger,Tesla Supercharger
charging_station,,POINT (138.7249462 -34.923656),1.0,,,,,,Unknown
charging_station,,POINT (145.133609 -37.9054453),5.288250652741515,,,,,,Unknown
charging_station,,POINT (144.9701016 -37.7412518),5.288250652741515,,,,,,Unknown
charging_station,,POINT (145.5029836 -37.6507196),5.288250652741515,,,,,,Unknown
charging_station,Yurika,POINT (152.3351514 -27.5512615),2.0,,,,,Yurika,Type 2
charging_station,ChargePoint,POINT (145.0534948 -37.9584508),5.288250652741515,,,,,ChargePoint,Unknown
charging_station,"Tesla, Inc.",POINT (153.1315933 -30.2814283),6.0,,,,,Tesla Supercharger,Tesla Supercharger
charging_station,Tesla Motors,POINT (151.3749048 -33.5212508),5.288250652741515,,,,,,Unknown
charging_station,ChargePoint,POINT (150.8812521 -34.4075897),5.288250652741515,,,,,ChargePoint,Unknown
charging_station,"Tesla, Inc.",POINT (140.3557562 -36.0990659),5.288250652741515,,,,,Tesla Supercharger,Tesla Supercharger
charging_station,"Tesla, Inc.",POINT (138.6181952 -33.8485098),4.0,,,,,Tesla Supercharger,Unknown
charging_station,,POINT (138.3188648 -35.4470219),5.288250652741515,,,,,,Unknown
charging_station,,POINT (153.615842 -28.643176),5.288250652741515,,,,,,Unknown
charging_station,,POINT (133.2007563 -25.197523),5.288250652741515,,,,,,Unknown
charging_station,,POINT (133.6228479 -27.304117),5.288250652741515,,,,,,Unknown
charging_station,,POINT (141.2756294 -37.921672),5.288250652741515,,,,,,Unknown
charging_station,,POINT (144.9695097 -37.7025331),1.0,,,,,,Unknown
charging_station,"Tesla, Inc.",POINT (151.1946269 -33.8829291),8.0,,,,,Tesla Supercharger,Tesla Supercharger
charging_station,Sheffield Visitor Information Centre,POINT (146.3248524 -41.382797),2.0,,,,,,Type 2
charging_station,Hobart City Council,POINT (147.324301 -42.8812739),2.0,,,,,,Unknown
charging_station,,POINT (144.9697797 -37.7407364),5.288250652741515,,,,,,Unknown
charging_station,"Tesla, Inc.",POINT (150.1284524 -36.2231879),5.288250652741515,,,,,Tesla Supercharger,Tesla Supercharger
charging_station,,POINT (151.2063604 -33.8682863),5.288250652741515,,,,,,Unknown
charging_station,Merri-bek City Council,POINT (144.9619656 -37.7714237),5.288250652741515,,,,,,Unknown
charging_station,"Tesla, Inc.",POINT (149.1902551 -35.2942578),6.0,,,,,Tesla Supercharger,Tesla Supercharger
charging_station,Chargefox,POINT (145.5909893 -36.743036),4.0,Euroa,,,,,Type 2 Combo
charging_station,,POINT (137.7714998 -35.7874472),1.0,,,,,,Unknown
charging_station,NRMA,POINT (150.4424531 -34.4500909),1.0,,NSW,Bessemer Street,,,Type 2 Combo
charging_station,ChargePoint,POINT (150.4519627 -34.4501399),1.0,,,Main Street,,ChargePoint,Unknown
charging_station,Chargefox,POINT (146.7267687 -36.0739678),8.0,,,,,,Type 2 Combo
charging_station,RACV,POINT (143.8905143 -37.4438844),2.0,,,,,,Unknown
charging_station,,POINT (151.186122 -33.9285142),5.288250652741515,,338,King Street,,"Tesla, Inc.",Unknown
charging_station,,POINT (150.8118548 -33.9760165),5.288250652741515,,,,,,Unknown
charging_station,,POINT (150.8118557 -33.9760436),5.288250652741515,,,,,,Unknown
charging_station,Tesla,POINT (138.7844823 -35.5030219),1.0,,,,,"Tesla, Inc.",Unknown
charging_station,"Tesla, Inc.",POINT (146.7592991 -36.5870197),5.288250652741515,,,,,Tesla Supercharger,Tesla Supercharger
charging_station,"Tesla, Inc.",POINT (148.6091712 -32.2499278),5.288250652741515,,,,,Tesla Supercharger,Tesla Supercharger
charging_station,"Tesla, Inc.",POINT (150.9171653 -31.1016073),5.288250652741515,,,,,Tesla Supercharger,Tesla Supercharger
charging_station,ChargePoint,POINT (145.080672 -37.9505279),5.288250652741515,,,,,ChargePoint,Unknown
charging_station,ChargePoint,POINT (145.1577067 -37.9214395),5.288250652741515,,,,,ChargePoint,Unknown
charging_station,ChargePoint,POINT (145.165502 -37.8748303),5.288250652741515,,,,,ChargePoint,Unknown
charging_station,"Tesla, Inc.",POINT (153.0404982 -27.4517194),4.0,,,,,Tesla Supercharger,Tesla Supercharger
charging_station,"Tesla, Inc.",POINT (153.4271031 -28.0353737),8.0,,,,,Tesla Supercharger,Tesla Supercharger
charging_station,"Tesla, Inc.",POINT (153.5347035 -28.7495635),6.0,,,,,"Tesla, Inc.",Tesla Supercharger
charging_station,"Tesla, Inc.",POINT (152.8236754 -31.4361396),6.0,,,,,Tesla Supercharger,Tesla Supercharger
charging_station,,POINT (144.3612324 -38.1433232),4.0,,,,,,Unknown
charging_station,NRMA,POINT (148.6197273 -36.4160168),2.0,,,,,,Type 2 Combo
charging_station,NRMA,POINT (147.2036752 -33.9237229),5.288250652741515,,,,,,Unknown
charging_station,NRMA,POINT (148.2950671 -34.3117299),1.0,,,,,,Type 2 Combo
charging_station,NRMA,POINT (148.1726877 -33.1375197),5.288250652741515,,,,,,Unknown
charging_station,RAC,POINT (115.8244911 -33.5747389),3.0,,,,,,Unknown
charging_station,NRMA,POINT (149.5867462 -33.4191414),1.0,,,,,,Type 2 Combo
charging_station,NRMA,POINT (150.7008205 -34.775569),5.288250652741515,,,,,,Unknown
charging_station,NRMA,POINT (152.3814131 -32.0990505),5.288250652741515,,,,,,Unknown
charging_station,Chargefox,POINT (147.1395575 -41.4358155),5.288250652741515,,,,,,Type 2
charging_station,,POINT (147.1888612 -42.5132365),5.288250652741515,,,,,,Unknown
charging_station,Meander Valley Council,POINT (146.830594 -41.5279633),1.0,,,,,,Type 2
charging_station,NRMA,POINT (150.1752344 -35.7084845),1.0,,,,,,Type 2 Combo
charging_station,"Tesla, Inc.",POINT (151.420595 -33.3101932),5.288250652741515,,,,,Tesla Supercharger,Tesla Supercharger
charging_station,"Tesla, Inc.",POINT (150.6367014 -34.8082768),5.288250652741515,,,,,Tesla Supercharger,Tesla Supercharger
charging_station,,POINT (144.9211921 -37.7235909),5.288250652741515,,,,,,Unknown
charging_station,Darebin City Council,POINT (145.0050847 -37.7401175),1.0,,,,,,Unknown
charging_station,RACV,POINT (144.9597412 -37.8160073),4.0,,,,,,Unknown
charging_station,Alto Hotel,POINT (144.9547665 -37.8163799),1.0,,,,,,Unknown
charging_station,,POINT (144.9559119 -37.8132556),5.288250652741515,,,,,,Unknown
charging_station,,POINT (144.9618065 -37.8143461),2.0,,,,,,Unknown
charging_station,,POINT (144.9639555 -37.81826),2.0,,,,,,Unknown
charging_station,GreenCo,POINT (144.9707936 -37.8162175),5.288250652741515,,,,,,Unknown
charging_station,,POINT (144.9700374 -37.8153856),5.288250652741515,,,,,,Unknown
charging_station,,POINT (144.9730784 -37.8144864),5.288250652741515,,,,,,Unknown
charging_station,Secure Parking,POINT (144.9695662 -37.8125596),2.0,,,,,,Unknown
charging_station,QT,POINT (144.9681379 -37.813368),5.288250652741515,,,,,,Unknown
charging_station,Chargefox,POINT (144.3113609 -38.3401694),5.288250652741515,,,,,,Unknown
charging_station,Chargefox,POINT (144.8855401 -37.713734),5.288250652741515,,,,,Chargefox,Type 2 Combo
charging_station,NRMA,POINT (151.0698417 -33.8460153),2.0,,,,,,Type 2 Combo
charging_station,,POINT (145.6858267 -38.6490505),5.288250652741515,,,,,,Unknown
charging_station,,POINT (145.1184356 -37.9430275),5.288250652741515,,,,,,Unknown
charging_station,NRMA,POINT (151.7362504 -29.7384627),5.288250652741515,,,,,,Unknown
charging_station,NRMA,POINT (150.1611444 -33.4780477),5.288250652741515,,,,,,Unknown
charging_station,NRMA,POINT (152.9335121 -29.6881629),1.0,,,,,,Type 2 Combo
charging_station,Evie Networks,POINT (145.279579 -38.0870252),2.0,,,,,,Type 2 Combo
charging_station,NRMA,POINT (153.553519 -28.636313),2.0,,,,,,Type 2 Combo
charging_station,,POINT (144.830228 -37.86395),5.288250652741515,,,,,,Type 2 Combo
charging_station,NRMA,POINT (149.8431789 -36.6731502),2.0,,,,,,Type 2 Combo
charging_station,,POINT (144.9426093 -37.8188089),5.288250652741515,,,,,,Unknown
charging_station,NRMA,POINT (147.317755 -35.7175328),2.0,,,,,,Type 2 Combo
charging_station,NRMA,POINT (148.3253727 -34.8234623),1.0,,,,,,Type 2 Combo
charging_station,JET Charge,POINT (151.1833566 -33.7965055),2.0,,,,,EVLink,Unknown
charging_station,,POINT (146.8959075 -36.0283814),5.288250652741515,,,,,,Unknown
charging_station,NRMA,POINT (148.609354 -32.2493739),5.288250652741515,,,,,,Unknown
charging_station,Yurika,POINT (152.6988509 -25.5399733),2.0,,,,,Yurika,Type 2
charging_station,Yurika,POINT (153.5149307 -28.1640661),5.288250652741515,,,,,,Unknown
charging_station,Chargefox,POINT (148.1104046 -35.0021569),1.0,,,,,Chargefox,Type 2 Combo
charging_station,Yurika,POINT (152.8997448 -27.6821816),2.0,,,,,Yurika,Type 2
charging_station,Yurika,POINT (153.0839368 -27.4443325),4.0,,,,,Yurika,Type 2
charging_station,Yurika,POINT (152.278546 -25.235255),2.0,,,,,Yurika,Type 2
charging_station,Yurika,POINT (152.9114294 -26.4170901),2.0,,,,,Yurika,Type 2
charging_station,"Tesla, Inc.",POINT (153.0874707 -26.6537911),6.0,,,,,Tesla Supercharger,Tesla Supercharger
charging_station,,POINT (144.9692983 -37.8098361),1.0,,,,,,Unknown
charging_station,Secure Parking,POINT (144.970523 -37.8101221),5.288250652741515,,,,,,Unknown
charging_station,Arrow on Swanston,POINT (144.9633222 -37.8055148),5.288250652741515,,,,,,Unknown
charging_station,,POINT (144.9669687 -37.8022448),5.288250652741515,,,,,,Unknown
charging_station,Melbourne Museum,POINT (144.9733535 -37.8044709),2.0,,,,,,Unknown
charging_station,Jet Charge,POINT (144.9427005 -37.8014314),1.0,,,,,,Unknown
charging_station,The Green Guys,POINT (144.9428225 -37.801086),5.288250652741515,,,,,,Unknown
charging_station,The District Docklands,POINT (144.939222 -37.812617),1.0,,,,,,Unknown
charging_station,The District Docklands,POINT (144.9370084 -37.8129804),5.288250652741515,,,,,,Unknown
charging_station,Flagstaff City Inn,POINT (144.9509974 -37.8100036),5.288250652741515,,,,,,Unknown
charging_station,,POINT (144.9607646 -37.8319526),5.288250652741515,,,,,,Unknown
charging_station,,POINT (144.9692208 -37.8322063),5.288250652741515,,,,,,Unknown
charging_station,"Tesla, Inc.",POINT (144.3064633 -36.7745651),6.0,,,,,Tesla Supercharger,Tesla Supercharger
charging_station,"Tesla, Inc.",POINT (151.7276848 -32.7878111),6.0,,,,,Tesla Supercharger,Tesla Supercharger
charging_station,Chargefox Pty Ltd,POINT (153.112883 -27.5779109),2.0,,,,,Chargefox,Type 2
charging_station,,POINT (152.0308228 -28.2168672),5.288250652741515,,,,,,Unknown
charging_station,,POINT (145.1705033 -38.2998125),5.288250652741515,,,,,,Unknown
charging_station,NRMA,POINT (150.2519137 -30.9786335),5.288250652741515,,,,,,Unknown
charging_station,Geelong Regional Libraries,POINT (144.5220013 -38.2661166),5.288250652741515,,,,,,Unknown
charging_station,Electric Highway Tasmania,POINT (145.5266163 -41.4429335),2.0,,,,,,Type 2
charging_station,Chargefox,POINT (153.5617941 -28.857635),5.288250652741515,,,,,Chargefox,Unknown
charging_station,Chargefox,POINT (146.2375699 -38.184512),5.288250652741515,,,,,,Unknown
charging_station,Chargefox,POINT (150.8633339 -34.436581),5.288250652741515,,,,,,Unknown
charging_station,NRMA,POINT (144.8426785 -34.5091627),5.288250652741515,,,,,NRMA,Type 2 Combo
charging_station,NRMA,POINT (142.162711 -34.18882),5.288250652741515,,,,,NRMA,Type 2 Combo
charging_station,,POINT (153.563108 -28.870871),5.288250652741515,,,,,"Tesla, Inc.",Unknown
charging_station,Chargefox,POINT (151.7720103 -32.9291638),22.0,,,,,,Unknown
charging_station,Chargefox,POINT (151.7607437 -32.9302558),50.0,,,,,,Unknown
charging_station,Chargefox,POINT (151.7607424 -32.9302851),22.0,,,,,,Unknown
charging_station,Chargefox,POINT (151.760741 -32.9303144),22.0,,,,,,Unknown
charging_station,Chargefox,POINT (151.1778386 -33.8763052),22.0,,,,,,Unknown
charging_station,Chargepoint,POINT (151.6906686 -32.9028042),7.0,,,,,,Unknown
charging_station,NRMA,POINT (151.6697747 -32.9026832),50.0,,,,,,Unknown
charging_station,NRMA,POINT (151.6698001 -32.9026703),50.0,,,,,,Unknown
charging_station,Chargefox,POINT (151.2391178 -33.9138057),22.0,,,,,,Unknown
charging_station,Chargefox,POINT (151.2129122 -33.9053712),5.288250652741515,,,,,Chargefox,Unknown
charging_station,"Tesla, Inc.",POINT (144.9222192 -37.7644055),5.288250652741515,,,,,Tesla Supercharger,Tesla Supercharger
charging_station,Evie Networks,POINT (152.9964595 -26.9182695),5.288250652741515,,,,,Evie Networks,Unknown
charging_station,Tesla,POINT (119.3819872 -34.3984322),2.0,,,,,,Unknown
charging_station,,POINT (153.0167803 -27.4954744),2.0,,,,,,Unknown
charging_station,"Tesla, Inc.",POINT (149.1267896 -36.2355277),5.288250652741515,,,,,Tesla Supercharger,Tesla Supercharger
charging_station,Chargefox,POINT (149.1336412 -36.2188825),350.0,,,,,,Unknown
charging_station,RAC,POINT (115.3418932 -33.645879),5.288250652741515,,,,,,Unknown
charging_station,Chargefox,POINT (149.7496197 -34.7479333),3.0,,,,,Chargefox,Type 2 Combo
charging_station,Chargefox,POINT (147.1586843 -41.4681651),2.0,,,,,,Type 2 Combo
charging_station,"Tesla, Inc.",POINT (151.9467399 -27.5780873),4.0,,,,,Tesla Supercharger,Tesla Supercharger
charging_station,Chargefox,POINT (151.9625258 -32.6539082),3.0,,,,,,Type 2 Combo
charging_station,Dorset Council,POINT (147.5146104 -41.1621624),5.288250652741515,,,,,,Unknown
charging_station,Chargefox,POINT (144.1423321 -37.3426377),2.0,,,,,,Unknown
charging_station,,POINT (142.9339235 -37.2833721),5.288250652741515,,,,,"Tesla, Inc.",Unknown
charging_station,Evie Networks,POINT (147.4945273 -41.9293446),2.0,,,,,Evie Networks,Type 2 Combo
charging_station,,POINT (153.0412292 -27.4921779),1.0,,,,,,Unknown
charging_station,"Tesla, Inc.",POINT (153.2391675 -29.427045),4.0,,,,,Tesla Supercharger,Tesla Supercharger
charging_station,,POINT (134.7543104 -29.0106618),1.0,,,,,"Tesla, Inc.",Unknown
charging_station,Chargefox,POINT (144.9614795 -37.7189925),1.0,,,,,,Type 2 Combo
charging_station,"Tesla, Inc.",POINT (138.5952395 -34.9276045),4.0,,,,,Tesla Supercharger,Unknown
charging_station,Chargefox,POINT (138.6048811 -34.9244),2.0,,,,,Chargefox,Type 2
charging_station,,POINT (147.3370559 -42.8807344),3.0,,,,,"Tesla, Inc.",Type 2
charging_station,Chargefox,POINT (150.8452155 -33.7708416),5.288250652741515,,,,,,Unknown
charging_station,NRMA,POINT (146.9148011 -36.0837898),5.288250652741515,,,,,,Type 2 Combo
charging_station,Chargefox,POINT (140.3615633 -36.1050786),5.288250652741515,,,,,,Type 2 Combo
charging_station,"Tesla, Inc.",POINT (151.1207792 -33.7781529),5.288250652741515,,,,,Tesla Supercharger,Tesla Supercharger
charging_station,Chargefox,POINT (143.8623024 -37.5613256),5.288250652741515,,,,,,Type 2 Combo
charging_station,Evie Networks,POINT (150.1774602 -35.7098969),1.0,,,,,,Type 2 Combo
charging_station,"Tesla, Inc.",POINT (152.6612476 -26.1881513),4.0,,,,,Tesla Supercharger,Tesla Supercharger
charging_station,NRMA,POINT (151.2946203 -32.7742468),5.288250652741515,,,,,,Unknown
charging_station,NRMA,POINT (149.2791803 -31.2787465),5.288250652741515,,,,,,Unknown
charging_station,,POINT (151.2464722 -33.9306373),5.288250652741515,,,,,,Unknown
charging_station,,POINT (144.9244765 -37.8244076),5.288250652741515,,,,,,Unknown
charging_station,,POINT (144.9244672 -37.8243839),5.288250652741515,,,,,,Unknown
charging_station,,POINT (144.9244629 -37.8243625),5.288250652741515,,,,,,Unknown
charging_station,,POINT (152.5199677 -32.1997712),5.288250652741515,,,,,,Unknown
charging_station,Evie Networks,POINT (147.7361254 -35.2771687),2.0,,,,,,Type 2 Combo
charging_station,,POINT (144.9789845 -37.7719979),2.0,,,,,,Unknown
charging_station,NRMA,POINT (150.610947 -34.1683025),1.0,,,,,,Type 2 Combo
charging_station,Evie Networks,POINT (145.2398046 -36.9074894),2.0,,,,,,Type 2 Combo
charging_station,Evie Networks,POINT (152.4706099 -31.9433485),2.0,,,,,,Type 2 Combo
charging_station,,POINT (147.0611487 -42.7791986),5.288250652741515,,,,,,Unknown
charging_station,Evie Networks,POINT (146.8284661 -19.3194992),2.0,,,,,Evie Networks,Type 2 Combo
charging_station,NRMA,POINT (143.5644882 -34.6396148),5.288250652741515,,,,,,Type 2 Combo
charging_station,,POINT (152.9036312 -27.6766678),4.0,,,,,,Unknown
charging_station,Chargefox,POINT (139.2770491 -35.1205066),2.0,,,,,,Type 2 Combo
charging_station,Electric Highway Tasmania,POINT (146.2290933 -42.1356399),1.0,,,,,,Type 2
charging_station,Electric Highway Tasmania,POINT (145.5554413 -42.0788206),1.0,,,Driffield Street,,Electric Highway Tasmania,Type 2
charging_station,NRMA,POINT (148.9124032 -34.8412265),2.0,,,,,,CHAdeMO
charging_station,,POINT (145.1400183 -37.9208333),5.288250652741515,,,,,,Type 2
charging_station,EO,POINT (149.5813787 -33.4257824),2.0,,,,,,Unknown
charging_station,,POINT (149.190361 -35.2998964),1.0,,,,,,Type 2
charging_station,Evie Networks,POINT (149.1283604 -35.279627),1.0,,,,,,Type 2 Combo
charging_station,,POINT (149.1354521 -35.2801903),4.0,,,,,,Type 2
charging_station,NRMA,POINT (152.8274176 -31.4581377),2.0,,,,,NRMA,Type 2 Combo
charging_station,Chargefox,POINT (149.165535 -35.3224367),1.0,,,,,,Type 2 Combo
charging_station,,POINT (151.2762714 -33.8908025),5.288250652741515,,,,,,Unknown
charging_station,Meander Valley Council,POINT (146.6510431 -41.5236168),1.0,,,,,,Type 2
charging_station,City of Hobart,POINT (147.3322907 -42.8814091),1.0,,,,,,Type 2 Combo
charging_station,Mt Field Visitor Centre,POINT (146.7164989 -42.6817118),1.0,,,,,,Type 2
charging_station,Huon Valley Council,POINT (147.0474304 -43.0312044),1.0,,,,,,Type 2
charging_station,NRMA,POINT (147.3735986 -35.1083685),2.0,,,,,,Type 2 Combo
charging_station,,POINT (118.4624195 -33.1006924),5.288250652741515,,,,,,Unknown
charging_station,Huon Valley Council,POINT (146.9268457 -43.163457),1.0,,,,,,Type 2 Combo
charging_station,Evie Networks,POINT (153.0500396 -26.6628606),5.288250652741515,,,,,,Unknown
charging_station,NRMA,POINT (150.8663635 -32.0506093),5.288250652741515,,,,,,Unknown
charging_station,Evie Networks,POINT (139.4404743 -35.2401819),5.288250652741515,,,,,,Type 2 Combo
charging_station,,POINT (143.9742629 -38.5366421),1.0,,,,,,Unknown
charging_station,TasPorts,POINT (147.3333345 -42.8818357),1.0,,,,,,Type 2
charging_station,TasPorts,POINT (147.3354788 -42.8816834),1.0,,,,,,Type 2
charging_station,Evie Networks,POINT (153.077346 -27.4157668),4.0,,,,,,Unknown
charging_station,Chargefox,POINT (142.201977 -36.7111262),8.0,,,,,,Type 2 Combo
charging_station,Electric Highway Tasmania,POINT (145.90733 -41.0498769),1.0,,,,,Electric Highway Tasmania,Type 2
charging_station,Chargefox,POINT (115.7417543 -33.2831945),2.0,,,,,,Unknown
charging_station,Yurika,POINT (150.5132751 -23.3821063),2.0,,,,,Yurika,Type 2
charging_station,,POINT (150.5222122 -23.3558309),5.288250652741515,,,,,,Unknown
charging_station,NRMA,POINT (151.6696956 -30.5119326),1.0,,,,,,Unknown
charging_station,,POINT (150.7352534 -33.7693688),5.288250652741515,,,,,,Unknown
charging_station,NRMA,POINT (149.586206 -32.593669),5.288250652741515,,,,,,Unknown
charging_station,Electric Highway Tasmania,POINT (146.3593825 -41.1776609),2.0,,,,,Electric Highway Tasmania,Type 2
charging_station,Evie Networks,POINT (150.9548236 -33.7671436),350.0,,,,,,Type 2 Combo
charging_station,,POINT (115.7649217 -33.9791934),5.288250652741515,,,,,,Unknown
charging_station,,POINT (149.0994869 -33.280911),5.288250652741515,,,,,"Tesla, Inc.",Unknown
charging_station,,POINT (149.0432132 -33.3333919),5.288250652741515,,,,,"Tesla, Inc.",Unknown
charging_station,Evie Networks,POINT (145.0730497 -37.6784969),5.288250652741515,,,,,,Unknown
charging_station,NRMA,POINT (152.0189641 -29.0572225),5.288250652741515,,,,,,Unknown
charging_station,Evie Networks,POINT (144.5721618 -37.7227909),5.288250652741515,,,,,,Type 2 Combo
charging_station,Evie Networks,POINT (151.2414403 -33.8254745),2.0,,,,,,Unknown
charging_station,NRMA,POINT (138.9586197 -34.524747),2.0,,,,,,Type 2 Combo
charging_station,NRMA,POINT (140.6035481 -34.2857972),2.0,,,,,,Type 2 Combo
charging_station,NRMA,POINT (148.6944413 -33.8340931),5.288250652741515,,,,,,CHAdeMO
charging_station,Central Victorian Greenhouse Alliance,POINT (143.741488 -37.0508473),2.0,,,,,Charging the Regions,Type 2 Combo
charging_station,,POINT (145.1431387 -37.9279602),5.288250652741515,,,,,,Unknown
charging_station,"Tesla, Inc.",POINT (149.5866349 -33.4190492),6.0,,,,,Tesla Supercharger,Tesla Supercharger
charging_station,Yurika,POINT (153.0042582 -26.6871515),2.0,,,,,Yurika,Type 2
charging_station,NRMA,POINT (145.7250878 -35.3549489),5.288250652741515,,,,,,Type 2 Combo
charging_station,,POINT (153.434591 -28.0293919),5.288250652741515,,,,,,Unknown
charging_station,Chargefox,POINT (145.6055893 -38.6680598),2.0,,,,,,Unknown
charging_station,,POINT (147.3947423 -41.0035878),5.288250652741515,,,,,,Unknown
charging_station,Electric Highway Tasmania,POINT (148.2483219 -41.3228603),2.0,,,,,Electric Highway Tasmania,Type 2
charging_station,Clarence Council,POINT (147.3689883 -42.8641403),1.0,,,,,,Type 2
charging_station,,POINT (143.6683449 -38.757058),2.0,,,,,,Unknown
charging_station,Chargefox,POINT (152.8221638 -31.4637923),5.288250652741515,,,,,,Type 2 Combo
charging_station,Electric Highway Tasmania,POINT (148.0752161 -42.1237047),2.0,,,,,Electric Highway Tasmania,Type 2
charging_station,,POINT (147.9849476 -37.8810561),5.288250652741515,,,,,"Tesla, Inc.",Unknown
charging_station,Chargefox,POINT (115.8489479 -31.9480278),5.288250652741515,,,,,,Unknown
charging_station,Audi,POINT (147.324019 -42.8753548),1.0,,,,,,Type 2 Combo
charging_station,EVolution,POINT (145.2402838 -38.4513659),2.0,,,,,,Unknown
charging_station,Evie Networks,POINT (145.2237568 -37.9713319),5.288250652741515,,,,,,Type 2 Combo
charging_station,Evie Networks,POINT (147.2511179 -42.7006711),2.0,,,,,Evie Networks,Type 2 Combo
charging_station,Tasmanian Parks & Wildlife,POINT (145.9366036 -41.5824743),1.0,,,,,,Type 2
charging_station,Evie Networks,POINT (152.919807 -30.7101732),4.0,,,,,,Type 2 Combo
charging_station,Central Victorian Greenhouse Alliance,POINT (143.8676039 -36.575759),2.0,,,,,Charging the Regions,Type 2 Combo
charging_station,Tesla,POINT (145.2402851 -38.4513302),2.0,,,,,"Tesla, Inc.",Unknown
charging_station,"Tesla, Inc.",POINT (145.056178 -37.8292531),5.288250652741515,,,,,Tesla Supercharger,Tesla Supercharger
charging_station,Yurika,POINT (152.5626944 -25.9943406),2.0,,,,,Yurika,Type 2
charging_station,Yurika,POINT (151.9531256 -24.9897146),2.0,,,,,Yurika,Type 2
charging_station,Yurika,POINT (151.5605055 -24.327605),2.0,,,,,Yurika,Type 2
charging_station,Yurika,POINT (150.9800673 -23.8108708),2.0,,,,,Yurika,Type 2
charging_station,Yurika,POINT (149.9325 -22.8280493),2.0,,,,,Yurika,Type 2
charging_station,Yurika,POINT (149.4106209 -21.9085589),2.0,,,,,Yurika,Type 2
charging_station,Yurika,POINT (149.1850897 -21.1393216),2.0,,,,,Yurika,Type 2
charging_station,Yurika,POINT (148.5815516 -20.402497),2.0,,,,,Yurika,Type 2
charging_station,Yurika,POINT (148.2489113 -20.0167979),2.0,,,,,Yurika,Type 2
charging_station,Yurika,POINT (147.404019 -19.5755234),2.0,,,,,Yurika,Type 2
charging_station,Yurika,POINT (146.7584605 -19.3233331),2.0,,,,,Yurika,Type 2
charging_station,ChargeStar,POINT (146.8208282 -19.2600757),1.0,,,,,,Type 2 Combo
charging_station,Yurika,POINT (146.0246187 -18.2627649),2.0,,,,,Yurika,Type 2
charging_station,Yurika,POINT (145.9240617 -17.9349336),2.0,,,,,Yurika,Type 2
charging_station,Yurika,POINT (146.0267957 -17.5235786),2.0,,,,,Yurika,Type 2
charging_station,Yurika,POINT (145.7790922 -16.9205159),2.0,,,,,Yurika,Type 2
charging_station,Yurika,POINT (145.462902 -16.5267821),2.0,,,,,Yurika,Type 2
charging_station,Chargefox,POINT (151.6240709 -32.9599116),5.288250652741515,,,,,,Unknown
charging_station,ChargePoint,POINT (137.9385131 -35.718308),5.288250652741515,,,,,ChargePoint,Unknown
charging_station,Yurika,POINT (153.0156633 -27.243335),2.0,,,,,Yurika,Type 2
charging_station,Yurika,POINT (153.1355179 -27.6379161),2.0,,,,,Yurika,Type 2
charging_station,Yurika,POINT (152.7584677 -27.6162053),2.0,,,,,Yurika,Type 2
charging_station,Yurika,POINT (151.8493789 -27.5200027),2.0,,,,,Yurika,Type 2
charging_station,Central Victorian Greenhouse Alliance,POINT (147.063117 -38.1121039),5.288250652741515,,,,,Charging the Regions,Type 2 Combo
charging_station,Central Victorian Greenhouse Alliance,POINT (143.9213354 -35.7344119),1.0,,,,,Charging the Regions,Type 2 Combo
charging_station,"Tesla, Inc.",POINT (145.4261508 -37.2100102),4.0,,,,,Tesla Supercharger,Unknown
charging_station,Tesla,POINT (151.644388 -32.935565),5.288250652741515,,,,,"Tesla, Inc.",Unknown
charging_station,Tesla,POINT (151.6676792 -32.9033741),5.288250652741515,,,,,,Unknown
charging_station,Tesla,POINT (151.6677058 -32.903365),5.288250652741515,,,,,,Unknown
charging_station,EnergyAustralia,POINT (146.3477263 -38.1805437),5.288250652741515,,,,,,Type 2 Combo
charging_station,,POINT (151.7019405 -32.8918933),2.0,,,,,,Unknown
charging_station,Central Victorian Greenhouse Alliance,POINT (144.2609648 -36.9986135),5.288250652741515,,,,,Charging the Regions,Type 2 Combo
charging_station,ChargeFox,POINT (151.7789537 -32.9259292),22.0,,,,,,Unknown
charging_station,ChargeFox,POINT (151.7789514 -32.9259633),22.0,,,,,,Unknown
charging_station,,POINT (149.1333578 -35.2745267),5.288250652741515,,,,,"Tesla, Inc.",Unknown
charging_station,,POINT (145.3299069 -42.1522093),5.288250652741515,,,,,"Tesla, Inc.",Unknown
charging_station,,POINT (148.4516049 -36.4459863),5.288250652741515,,,,,"Tesla, Inc.",Unknown
charging_station,,POINT (147.1376477 -41.4399913),5.288250652741515,,,,,"Tesla, Inc.",Unknown
charging_station,,POINT (148.6165569 -36.4146819),5.288250652741515,,,,,"Tesla, Inc.",Unknown
charging_station,,POINT (149.0857708 -35.3457734),5.288250652741515,,,,,,Unknown
charging_station,,POINT (148.3020342 -42.1348216),5.288250652741515,,,,,"Tesla, Inc.",Unknown
charging_station,,POINT (147.1290413 -41.4403151),5.288250652741515,,,,,"Tesla, Inc.",Unknown
charging_station,,POINT (148.30455 -36.5049077),5.288250652741515,,,,,"Tesla, Inc.",Unknown
charging_station,"Tesla, Inc.",POINT (146.3673186 -41.1800018),5.288250652741515,,,,,Tesla Supercharger,Tesla Supercharger
charging_station,"Tesla, Inc.",POINT (143.5929776 -38.3413505),5.288250652741515,,,,,Tesla Supercharger,Tesla Supercharger
charging_station,Central Victorian Greenhouse Alliance,POINT (144.7479998 -36.1271422),5.288250652741515,,,,,Charging the Regions,Unknown
charging_station,"Tesla, Inc.",POINT (150.8322409 -32.4474435),6.0,,,,,Tesla Supercharger,Tesla Supercharger
charging_station,Peterson's Armidale,POINT (151.6821565 -30.555484),7.4,,,,,,Unknown
charging_station,Powerhouse Hotel,POINT (151.6728399 -30.5062581),2.0,,,,,"Tesla, Inc.",Type 2
charging_station,"Tesla, Inc.",POINT (144.3824797 -38.0651667),5.288250652741515,,,,,Tesla Supercharger,Tesla Supercharger
charging_station,Porsche,POINT (151.6482486 -33.1048978),5.288250652741515,,,,,,Unknown
charging_station,Central Victorian Greenhouse Alliance,POINT (144.2207964 -35.807933),5.288250652741515,,,,,Charging the Regions,Unknown
charging_station,Evie Networks,POINT (144.7821513 -37.6965635),5.288250652741515,,,,,,Type 2 Combo
charging_station,,POINT (144.3453057 -38.1293011),2.0,,,,,,Unknown
charging_station,Tropical North Queensland Electric Vehicle Tourist Drive,POINT (145.3844854 -17.3736451),2.0,,,,,,Unknown
charging_station,Evie Networks,POINT (153.3104507 -27.8553474),5.288250652741515,,,,,,Unknown
charging_station,Chargefox,POINT (138.6437536 -34.937999),1.0,,,,,,Type 2
charging_station,,POINT (139.0244883 -35.2941487),2.0,,,,,"Tesla, Inc.",Type 2
charging_station,Central Victorian Greenhouse Alliance,POINT (143.9001993 -36.7405105),5.288250652741515,,,,,Charging the Regions,Unknown
charging_station,,POINT (149.1354639 -35.1841062),2.0,,,,,,Unknown
charging_station,Chargefox,POINT (145.1907152 -37.9365224),22.0,,,,,,Unknown
charging_station,Chargefox,POINT (145.1800698 -37.9528827),5.288250652741515,,,,,,Unknown
charging_station,Evie Networks,POINT (146.8452421 -41.525806),5.288250652741515,,,,,,Type 2 Combo
charging_station,Chargefox,POINT (147.1419909 -41.4501546),5.288250652741515,,,,,,Type 2 Combo
charging_station,Chargefox,POINT (151.2130127 -33.9069877),5.288250652741515,,,,,,Unknown
charging_station,Chargefox,POINT (145.017674 -37.9593639),5.288250652741515,,,,,,Unknown
charging_station,,POINT (144.8209256 -38.3709259),2.0,,,,,"Tesla, Inc.",Unknown
charging_station,Evie Networks,POINT (153.149169 -29.5611899),5.288250652741515,,,,,,Unknown
charging_station,,POINT (116.4755665 -32.8021172),5.288250652741515,,,,,,Unknown
charging_station,"Tesla, Inc.",POINT (116.8788933 -33.0246993),3.0,,,,,Tesla Supercharger,Type 2 Combo
charging_station,"Tesla, Inc.",POINT (146.2590159 -38.172938),5.288250652741515,,,,,Tesla Supercharger,Tesla Supercharger
charging_station,Central Victorian Greenhouse Alliance,POINT (143.2267286 -36.0790387),2.0,,,,,Charging the Regions,Type 2 Combo
charging_station,Central Victorian Greenhouse Alliance,POINT (144.4524935 -37.2470045),2.0,,1A,Hutton Street,,Charging the Regions,Type 2 Combo
charging_station,Central Victorian Greenhouse Alliance,POINT (144.217816 -37.0667926),5.288250652741515,,,,,Charging the Regions,Unknown
charging_station,,POINT (148.4516402 -36.4460208),5.288250652741515,,,,,"Tesla, Inc.",Unknown
charging_station,,POINT (148.3045413 -36.5049165),5.288250652741515,,,,,"Tesla, Inc.",Unknown
charging_station,Central Victorian Greenhouse Alliance,POINT (142.3156162 -35.0710089),5.288250652741515,,,,,Charging the Regions,Type 2 Combo
charging_station,Central Victorian Greenhouse Alliance,POINT (142.8516829 -35.5040579),5.288250652741515,,,,,Charging the Regions,Type 2 Combo
charging_station,Evie Networks,POINT (152.8219332 -27.5881184),2.0,,,,,,Unknown
charging_station,Central Victorian Greenhouse Alliance,POINT (142.7746538 -34.5848436),5.288250652741515,,,,,Charging the Regions,Type 2 Combo
charging_station,Central Victorian Greenhouse Alliance,POINT (143.5617026 -35.3409423),2.0,,,,,Charging the Regions,Type 2 Combo
charging_station,Chargefox,POINT (116.15296 -33.3587851),5.288250652741515,,,,,,Unknown
charging_station,,POINT (149.9120037 -36.8951652),5.288250652741515,,1,Elizabeth Street,,"Tesla, Inc.",Unknown
charging_station,,POINT (148.4515931 -36.4459986),5.288250652741515,,,,,"Tesla, Inc.",Unknown
charging_station,Linga Network,POINT (141.9878017 -36.1423702),5.288250652741515,,,,,,Unknown
charging_station,Linga Network,POINT (142.0260508 -36.4546128),5.288250652741515,,,,,,Type 2
charging_station,Central Victorian Greenhouse Alliance,POINT (144.528833 -37.3558374),2.0,,,,,Charging the Regions,Unknown
charging_station,Central Victorian Greenhouse Alliance,POINT (145.4003239 -36.3803048),5.288250652741515,,,,,Charging the Regions,Type 2 Combo
charging_station,Central Victorian Greenhouse Alliance,POINT (143.6138978 -36.4179502),5.288250652741515,,,,,Charging the Regions,Type 2 Combo
charging_station,,POINT (150.5116862 -23.2884084),5.288250652741515,,,,,,Unknown
charging_station,Jolt,POINT (151.3031101 -33.6761456),1.0,,,Bungan Street,,,CHAdeMO
charging_station,Evie Networks,POINT (150.9199428 -33.8988886),5.288250652741515,,,,,,Type 2 Combo
charging_station,"Tesla, Inc.",POINT (145.05112 -38.2344038),5.288250652741515,,,,,Tesla Supercharger,Tesla Supercharger
charging_station,IKEA,POINT (145.1435899 -37.9271751),4.0,,,,,,Type 2
charging_station,Bell Resources,POINT (151.2119085 -33.8648195),5.288250652741515,,123,Pitt Street,,Bell Resources,Unknown
charging_station,,POINT (152.1029637 -26.8857922),5.288250652741515,,,,,"Tesla, Inc.",Unknown
charging_station,,POINT (115.8164108 -31.977504),2.0,,,,,,Unknown
charging_station,Tesla,POINT (152.9007826 -31.4071902),5.288250652741515,,,,,"Tesla, Inc.",Unknown
charging_station,"Tesla, Inc.",POINT (115.7766534 -31.8771547),6.0,,,,,Tesla Supercharger,Type 2 Combo
charging_station,"Tesla, Inc.",POINT (115.717695 -33.3196098),6.0,,,,,Tesla Supercharger,Type 2
charging_station,Lakeside Joondalup Cinemas,POINT (115.7671672 -31.7426),2.0,,,,,,Unknown
charging_station,,POINT (115.7656665 -31.7454229),2.0,,,,,,Unknown
charging_station,NRMA,POINT (148.3878551 -30.9527945),5.288250652741515,,,,,,Unknown
charging_station,NRMA,POINT (148.1177704 -30.0207154),5.288250652741515,,,,,,Unknown
charging_station,EVUp,POINT (142.6092866 -37.1955356),2.0,,,,,,Unknown
charging_station,goelectricstations,POINT (139.276204 -35.120385),4.0,,,,,,Type 2
charging_station,Jolt,POINT (151.0644363 -33.8660864),1.0,,,,,,Type 2 Combo
charging_station,Jolt,POINT (151.2396953 -33.9435652),5.288250652741515,,,,,,Unknown
charging_station,Jolt,POINT (151.2241142 -33.9071444),1.0,,,,,,Unknown
charging_station,,POINT (151.1716659 -33.9080986),4.0,,,,,,Unknown
charging_station,"Tesla, Inc.",POINT (142.5192858 -38.381323),5.288250652741515,,,,,Tesla Supercharger,Tesla Supercharger
charging_station,,POINT (144.3181255 -38.2159676),5.288250652741515,,,,,,Unknown
charging_station,Evie Networks,POINT (150.8754276 -33.7054584),5.288250652741515,,,,,,Unknown
charging_station,"Tesla, Inc.",POINT (142.1964354 -36.7158552),3.0,,,,,Tesla Supercharger,Tesla Supercharger
charging_station,Evie Networks,POINT (145.1159422 -38.0547644),2.0,,,,,,Type 2 Combo
charging_station,,POINT (138.5042702 -34.8437992),2.0,,,,,,Unknown
charging_station,NRMA,POINT (141.4595159 -31.9596719),5.288250652741515,,,,,,Unknown
charging_station,Evie Networks,POINT (151.1692687 -33.8135004),5.288250652741515,,,,,,Unknown
charging_station,,POINT (150.8040539 -33.9532239),5.288250652741515,,,,,,Unknown
charging_station,Evie Networks,POINT (151.0301289 -33.9320564),5.288250652741515,,,,,,Unknown
charging_station,Evie Networks,POINT (149.0300976 -34.9692613),2.0,,,,,,Unknown
charging_station,Chargefox,POINT (150.8661667 -34.5878761),5.288250652741515,,,,,,Unknown
charging_station,Chargefox,POINT (138.5944471 -34.9255431),2.0,,,,,chargefox,Type 2
charging_station,Barunga West Council,POINT (137.9317912 -33.5998723),5.288250652741515,,,,,Tesla,Unknown
charging_station,Chargefox,POINT (138.4863165 -34.8252197),5.288250652741515,,,,,Chargefox,Type 2
charging_station,Chargefox,POINT (138.5952833 -34.9277554),2.0,,,,,Chargefox,Type 2 Combo
charging_station,Chargefox,POINT (138.5952236 -34.9277543),2.0,,,,,Chargefox,Type 2
charging_station,,POINT (138.6219659 -35.5536727),5.288250652741515,,,,,,Unknown
charging_station,,POINT (138.6010902 -34.9617279),2.0,,,,,,Type 2
charging_station,,POINT (138.4630733 -35.3913107),1.0,,,,,"Tesla, Inc.",Unknown
charging_station,,POINT (138.3507389 -35.4570334),5.288250652741515,,,,,,Unknown
charging_station,Chargefox,POINT (151.2681007 -33.871695),2.0,,,,,Jetcharge,Type 2
charging_station,,POINT (137.5974941 -34.7678388),1.0,,,,,"Tesla, Inc.",Type 2
charging_station,,POINT (137.9167075 -34.4225942),1.0,,,,,"Tesla, Inc.",Type 2
charging_station,Jolt,POINT (151.099324 -33.8872485),5.288250652741515,,,,,,Unknown
charging_station,,POINT (150.8530426 -33.7848221),5.288250652741515,,,,,,Unknown
charging_station,,POINT (150.8557293 -33.9522711),2.0,,,,,,Unknown
charging_station,RAC,POINT (115.7212028 -32.5276992),2.0,,,,,RAC,Unknown
charging_station,,POINT (125.4872676 -32.2708341),5.288250652741515,,,,,,Unknown
charging_station,Evie Networks,POINT (144.9933258 -37.8043969),5.288250652741515,,,,,,Unknown
charging_station,"Tesla, Inc.",POINT (151.0734395 -34.0338237),6.0,,,,,Tesla Supercharger,Tesla Supercharger
charging_station,NRMA,POINT (143.3857829 -31.5575066),5.288250652741515,,,,,,Unknown
charging_station,Jolt,POINT (138.5496608 -35.0173769),1.0,,,,,,Unknown
charging_station,Jolt,POINT (151.2141725 -33.7620853),1.0,,,,,,Unknown
charging_station,Jolt,POINT (151.2869932 -33.7537328),1.0,,4-16,Oaks Avenue,,,CHAdeMO
charging_station,Stanwell,POINT (151.8401359 -26.5400752),5.288250652741515,,,,,,Type 2 Combo
charging_station,Western Sydney University,POINT (150.7291974 -33.7698741),2.0,,,,,,Type 2 Combo
charging_station,Hills Marketplace,POINT (151.2241781 -33.6892385),2.0,,287,Mona Vale Road,,Tesla Destination Charger,Unknown
charging_station,"Tesla, Inc.",POINT (115.076035 -33.9511802),3.0,,,,,Tesla Supercharger,Tesla Supercharger
charging_station,Evie Networks,POINT (151.1206646 -33.7780797),5.288250652741515,,,,,,Unknown
charging_station,Jolt,POINT (151.283873 -33.7789889),1.0,,30,Dowling Street,,,CHAdeMO
charging_station,,POINT (120.0441758 -33.5816984),5.288250652741515,,,,,,Unknown
charging_station,,POINT (117.5557427 -33.691452),5.288250652741515,,,,,Veefil,Unknown
charging_station,Jolt,POINT (151.063567 -33.9621828),1.0,,,,,,Unknown
charging_station,,POINT (115.9703353 -32.522369),1.0,,,,,,Type 2
charging_station,Jolt,POINT (138.573198 -34.9060068),1.0,,,,,,Unknown
charging_station,Jolt,POINT (138.5728037 -34.905922),1.0,,,,,,Unknown
charging_station,,POINT (148.6817349 -33.8354773),2.0,,,,,"Tesla, Inc",Unknown
charging_station,Jolt,POINT (151.116168 -33.8695391),1.0,,,,,,Unknown
charging_station,Jolt,POINT (151.1096799 -33.8947565),1.0,,,,,,Unknown
charging_station,Chargefox,POINT (144.5997596 -37.7151996),2.0,,,,,,Unknown
charging_station,Chargefox,POINT (115.8968022 -33.0792151),2.0,,,,,,Type 2
charging_station,,POINT (115.7469427 -32.0584849),4.0,,,,,,Type 2
charging_station,,POINT (115.7461221 -32.0575795),2.0,,,,,"Tesla, Inc.",Unknown
charging_station,,POINT (115.7472283 -32.0573845),5.288250652741515,,,,,"Tesla, Inc.",Unknown
charging_station,shopping center,POINT (138.6415665 -34.9420624),2.0,,,,,,Unknown
charging_station,Jolt,POINT (151.3037838 -33.6760959),1.0,,1,Park Street,,,CHAdeMO
charging_station,,POINT (136.5725086 -33.9167278),5.288250652741515,,,,,"Tesla, Inc.",Unknown
charging_station,NRMA,POINT (145.8376295 -31.4988063),5.288250652741515,,,,,,Unknown
charging_station,Evie Networks,POINT (150.6737814 -33.7702608),4.0,,,,,,Unknown
charging_station,,POINT (141.6495675 -36.3328407),5.288250652741515,,,,,,Type 2
charging_station,Evie Networks,POINT (151.1710728 -33.9079872),2.0,,,,,,Unknown
charging_station,Jolt,POINT (151.1019416 -33.873882),1.0,,,,,,Unknown
charging_station,Evie Networks,POINT (144.7370438 -38.3385411),5.288250652741515,,,,,,Type 2 Combo
charging_station,,POINT (144.9148371 -37.6163187),5.288250652741515,,,,,,Unknown
charging_station,Evie Networks,POINT (150.2251818 -34.6071777),5.288250652741515,,,,,,Type 2 Combo
charging_station,Evie Networks,POINT (152.9489592 -27.5338615),4.0,,,,,,Unknown
charging_station,NRMA,POINT (145.9348827 -30.0884156),2.0,,,,,,Unknown
charging_station,NRMA,POINT (146.8577827 -29.9607798),2.0,,,,,,Unknown
charging_station,Evie Networks,POINT (150.7957656 -34.4952775),5.288250652741515,,,,,,Unknown
charging_station,ChargePoint,POINT (153.2608045 -27.7844523),5.288250652741515,,,,,ChargePoint,Unknown
charging_station,Evie Networks,POINT (144.9942276 -37.6478848),5.288250652741515,,,,,,Type 2 Combo
charging_station,Evie Networks,POINT (145.237506 -37.9213954),2.0,,,,,,Type 2 Combo
charging_station,,POINT (153.0819323 -27.444063),1.0,,,,,,Unknown
charging_station,Chargefox,POINT (146.7458333 -42.1244723),1.0,,,,,,Type 2 Combo
charging_station,Electric Highway Tasmania,POINT (146.7100895 -42.4850213),5.288250652741515,,,,,,Type 2 Combo
charging_station,Chargefox,POINT (147.2424695 -43.3218733),1.0,,3959,Bruny Island Main Road,,,Type 2 Combo
charging_station,Electric Highway Tasmania,POINT (147.9681769 -41.6380862),1.0,,,Talbot Street,,Electric Highway Tasmania,Type 2
charging_station,Electric Highway Tasmania,POINT (147.371219 -42.2989031),2.0,,,,,,Unknown
charging_station,Chargefox,POINT (147.4269258 -42.8874253),5.288250652741515,,,,,,Unknown
charging_station,Evie Networks,POINT (145.2139634 -37.8319262),5.288250652741515,,,,,,Type 2 Combo
charging_station,Jolt,POINT (151.0954277 -33.8720579),1.0,,,,,,Unknown
charging_station,Evie Networks,POINT (150.90026 -33.9488297),2.0,,,,,,Type 2 Combo
charging_station,Warringah Mall,POINT (151.2644147 -33.7666354),4.0,,,,,"Tesla, Inc.",Unknown
charging_station,Central Victorian Greenhouse Alliance,POINT (146.6747212 -38.5644471),5.288250652741515,,,,,Charging the Regions,Type 2 Combo
charging_station,,POINT (134.7584779 -29.022055),5.288250652741515,,,,,"Tesla, Inc.",Unknown
charging_station,AmpCharge,POINT (151.1999188 -33.9021318),2.0,,,,,,Unknown
charging_station,,POINT (152.5136654 -32.1790682),5.288250652741515,,,,,,Unknown
charging_station,Evie Networks,POINT (151.2088608 -33.8093255),2.0,,,,,,Unknown
charging_station,,POINT (145.023233 -37.7637113),2.0,,,,,,Type 2
charging_station,,POINT (145.023185 -37.7637061),2.0,,,,,,Type 2
charging_station,,POINT (145.0231298 -37.7637001),2.0,,,,,,Type 2
charging_station,,POINT (149.1869737 -35.2954975),5.288250652741515,,,,,,Unknown
charging_station,,POINT (149.1869976 -35.2955106),5.288250652741515,,,,,,Unknown
charging_station,,POINT (149.1870115 -35.2954938),5.288250652741515,,,,,,Unknown
charging_station,,POINT (149.1869915 -35.2954811),5.288250652741515,,,,,,Unknown
charging_station,Evie Networks,POINT (153.0644501 -26.4004166),5.288250652741515,,,,,,Unknown
charging_station,Jolt,POINT (151.081218 -33.9492389),5.288250652741515,,,,,,Unknown
charging_station,Chargefox,POINT (151.0860347 -33.8300902),2.0,,,,,,Unknown
charging_station,AmpCharge,POINT (153.0108529 -27.3420061),2.0,,,,,,Unknown
charging_station,AmpCharge,POINT (150.9946067 -33.787764),5.288250652741515,,,,,,Type 2 Combo
charging_station,Yass Soldiers Club,POINT (148.9128433 -34.84184),2.0,,,,,"Tesla, Inc.",Unknown
charging_station,Jolt,POINT (151.0801412 -33.9701906),1.0,,,,,,Unknown
charging_station,,POINT (151.0790514 -33.8256295),3.0,,,,,,Type 2
charging_station,,POINT (151.0065082 -33.7296798),3.0,,,,,"Tesla, Inc.",Type 2
charging_station,Evie Networks,POINT (144.915179 -37.7726024),5.288250652741515,,,,,,Unknown
charging_station,,POINT (145.1227188 -38.1438691),2.0,,,,,Jetcharge,Type 2
charging_station,NRMA,POINT (153.0483802 -28.8659126),5.288250652741515,,,,,,Unknown
charging_station,NRMA,POINT (150.173894 -35.7096667),2.0,,,,,,Type 2 Combo
charging_station,Evie Networks,POINT (151.2128688 -33.7036198),5.288250652741515,,,,,,Type 2 Combo
charging_station,Evie Networks,POINT (143.934527 -37.5647424),4.0,,,,,,Type 2 Combo
charging_station,NRMA,POINT (147.1969608 -31.5643351),5.288250652741515,,,,,,Unknown
charging_station,"Tesla, Inc.",POINT (140.8026216 -37.8347592),5.288250652741515,,,,,Tesla Supercharger,Tesla Supercharger
charging_station,,POINT (146.8386193 -36.3138529),5.288250652741515,,,,,,Type 2 Combo
charging_station,,POINT (151.0848349 -33.8359626),4.0,,,,,,Type 2
charging_station,Evie Networks,POINT (145.1918955 -38.3082563),5.288250652741515,,,,,,Type 2 Combo
charging_station,Central Victorian Greenhouse Alliance,POINT (148.4559951 -37.7057324),5.288250652741515,,,,,Charging the Regions,Type 2 Combo
charging_station,Jolt,POINT (151.1060452 -33.9678598),1.0,,,,,,Unknown
charging_station,Jolt,POINT (151.0710625 -33.948437),1.0,,,,,,Unknown
charging_station,Jolt,POINT (151.0858151 -33.807399),1.0,,,,,,Unknown
charging_station,,POINT (151.1694068 -33.8130165),5.288250652741515,,,,,"Tesla, Inc.",Unknown
charging_station,Electric Highway Tasmania,POINT (146.6290095 -42.754782),5.288250652741515,,,,,,Type 2
charging_station,BP Pulse,POINT (145.1233653 -37.6802607),5.288250652741515,,,,,,Type 2 Combo
charging_station,Central Victorian Greenhouse Alliance,POINT (149.1519705 -37.5650496),5.288250652741515,,,,,Charging the Regions,Type 2 Combo
charging_station,,POINT (130.8699148 -12.3746811),5.288250652741515,,,,,,Unknown
charging_station,,POINT (130.860126 -12.4307902),5.288250652741515,,,,,,Unknown
charging_station,,POINT (130.8466989 -12.4663857),5.288250652741515,,,,,,Unknown
charging_station,,POINT (151.1094379 -33.7755511),6.0,,,,,,Type 2
charging_station,,POINT (115.7977393 -31.8763974),5.288250652741515,,,,,,Unknown
charging_station,BP Pulse,POINT (145.0069973 -37.9001349),5.288250652741515,,,,,BP Pulse,Type 2 Combo
charging_station,NRMA,POINT (146.5498937 -34.7464753),5.288250652741515,,,,,,Type 2 Combo
charging_station,,POINT (147.2343632 -43.0708845),5.288250652741515,,,,,,Type 2
charging_station,"Tesla, Inc.",POINT (149.1520346 -37.5650916),5.288250652741515,,,,,Tesla Supercharger,Tesla Supercharger
charging_station,,POINT (151.1706842 -33.8140858),4.0,,,,,,Unknown
charging_station,Evie Networks,POINT (150.4297454 -33.7206902),5.288250652741515,,,,,,Unknown
charging_station,Evie Networks,POINT (151.1492145 -33.8848452),5.288250652741515,,,,,,Unknown
charging_station,Central Victorian Greenhouse Alliance,POINT (141.2965659 -37.0366955),5.288250652741515,,,,,Charging the Regions,Type 2 Combo
charging_station,Evie Networks,POINT (153.4097005 -27.9807754),5.288250652741515,,,,,,Unknown
charging_station,Evie Networks,POINT (144.8082128 -37.7264375),5.288250652741515,,,,,,Type 2 Combo
charging_station,Evie Networks,POINT (145.0268501 -37.8631061),5.288250652741515,,,,,,Type 2 Combo
charging_station,Evie Networks,POINT (141.2383789 -36.3777087),5.288250652741515,,,,,,Type 2 Combo
charging_station,EVup,POINT (142.8409671 -37.7117289),5.288250652741515,,,,,,Unknown
charging_station,,POINT (144.757421 -36.1135121),5.288250652741515,,,,,,Unknown
charging_station,Jolt,POINT (151.0815506 -33.9815934),1.0,,,,,,Unknown
charging_station,Evie Networks,POINT (147.303553 -42.9802655),2.0,,,,,,Type 2
charging_station,Chargefox,POINT (147.2166221 -41.251906),5.288250652741515,,,,,,Type 2
charging_station,,POINT (147.2968239 -42.8484746),1.0,,,,,,Unknown
charging_station,Central Victorian Greenhouse Alliance,POINT (147.5912017 -37.1010408),5.288250652741515,,,,,Charging the Regions,Type 2 Combo
charging_station,Central Victorian Greenhouse Alliance,POINT (147.6276789 -37.8255492),5.288250652741515,,,,,Charging the Regions,Unknown
charging_station,Evie Networks,POINT (153.4275587 -28.0353151),4.0,,,,,,Unknown
charging_station,Evie Networks,POINT (151.1267526 -33.8740709),5.288250652741515,,,,,,Type 2 Combo
charging_station,BP Pulse,POINT (151.0669461 -33.9195544),5.288250652741515,,,,,BP Pulse,Type 2 Combo
charging_station,Foxcharger,POINT (145.0225411 -37.8808068),5.288250652741515,,,,,,Unknown
charging_station,Foxcharger,POINT (145.0225886 -37.8808133),5.288250652741515,,,,,,Unknown
charging_station,Chargefox,POINT (152.9908938 -27.2290784),2.0,,,,,Woolworths,Type 2 Combo
charging_station,Chargefox,POINT (152.9908943 -27.2291221),2.0,,,,,Woolworths,Type 2 Combo
charging_station,BP Pulse,POINT (151.4443624 -33.3628805),5.288250652741515,,,,,,Unknown
charging_station,Evie Networks,POINT (138.6558412 -34.8892781),5.288250652741515,,,,,,Unknown
charging_station,Electric Highway Tasmania,POINT (147.9099576 -42.5081603),5.288250652741515,,,,,,Type 2
charging_station,,POINT (148.2422011 -42.092485),5.288250652741515,,,,,,Unknown
charging_station,,POINT (147.8145103 -42.8870084),5.288250652741515,,,,,,Unknown
charging_station,Jolt,POINT (138.6315391 -34.9160235),5.288250652741515,,,,,,Unknown
charging_station,"Tesla, Inc.",POINT (152.017583 -29.0560795),4.0,,,,,Tesla Supercharger,Tesla Supercharger
charging_station,BP Pulse,POINT (149.9958809 -34.7190997),5.288250652741515,,,,,,Type 2 Combo
charging_station,BP Pulse,POINT (150.0006494 -34.7184231),5.288250652741515,,,,,,Type 2 Combo
charging_station,Yurika,POINT (150.1869854 -26.6589037),5.288250652741515,,,,,,Unknown
charging_station,"Tesla, Inc.",POINT (145.1347209 -37.8377449),12.0,,,,,Tesla Supercharger,Tesla Supercharger
charging_station,Chargefox,POINT (150.7889593 -34.0678179),2.0,,,,,,Unknown
charging_station,,POINT (118.1491738 -31.8778574),5.288250652741515,,,,,,Unknown
charging_station,"Tesla, Inc.",POINT (145.4009851 -36.3843671),6.0,,,,,Tesla Supercharger,Tesla Supercharger
charging_station,,POINT (144.3398434 -38.228002),5.288250652741515,,,,,,Type 2
charging_station,Chargefox,POINT (150.7889111 -34.0678179),2.0,,,,,,Unknown
charging_station,,POINT (146.1800703 -41.426075),1.0,,,,,,Type 2
charging_station,BP Pulse,POINT (150.8236391 -34.0532156),5.288250652741515,,,,,,Type 2 Combo
charging_station,Tesla,POINT (152.0626879 -32.701433),2.0,,,,,"Tesla, Inc.",Unknown
charging_station,Chargefox,POINT (146.9740078 -43.4316033),5.288250652741515,,,,,,Unknown
charging_station,Jolt,POINT (138.6731222 -34.8885406),5.288250652741515,,,,,,Unknown
charging_station,BP Pulse,POINT (150.8503059 -33.8109506),2.0,,,,,,Type 2 Combo
charging_station,,POINT (146.3414448 -41.1792402),5.288250652741515,,,,,,Type 2
charging_station,,POINT (116.0358916 -34.4440118),5.288250652741515,,,,,RAC,Unknown
charging_station,,POINT (145.1319018 -37.908123),2.0,,,,,,Unknown
charging_station,BP Pulse,POINT (151.2559187 -33.7955368),5.288250652741515,,,,,,Unknown
charging_station,BP Pulse,POINT (151.0177286 -33.9388196),5.288250652741515,,,,,,Unknown
charging_station,BP Pulse,POINT (151.7371187 -32.7833007),2.0,,,,,,Type 2 Combo
charging_station,Jolt,POINT (151.298355 -33.713676),1.0,,,,,,Unknown
charging_station,EnergyROI,POINT (145.3256657 -42.1549),5.288250652741515,,,The Esplanade,,,Type 2 Combo
charging_station,BP Pulse,POINT (151.1061283 -33.6899794),2.0,,,,,,Type 2 Combo
charging_station,BP Pulse,POINT (152.9607488 -26.6312341),5.288250652741515,,,,,,Unknown
charging_station,BP Pulse,POINT (153.5159181 -28.8613732),2.0,,,,,,Type 2 Combo
charging_station,Electrona Pty Ltd,POINT (148.3041181 -41.8746986),2.0,Bicheno,,Foster Street,,Electrona,Unknown
charging_station,City of Sydney,POINT (151.2077898 -33.8591188),2.0,,,,,,Unknown
charging_station,Evie Networks,POINT (153.0344427 -27.4221557),2.0,,,,,,Unknown
charging_station,NRMA,POINT (151.1993723 -33.8755065),5.288250652741515,,,,,,Unknown
charging_station,Evie Networks,POINT (146.5329719 -38.1956713),5.288250652741515,,,,,,Type 2 Combo
charging_station,Synergy,POINT (115.8213346 -31.9427278),2.0,,,,,,Unknown
charging_station,Chargefox,POINT (145.3417866 -38.0932813),2.0,,,,,,Type 2 Combo
charging_station,Evie Networks,POINT (145.2569607 -38.0512314),4.0,,,,,,Type 2 Combo
charging_station,,POINT (145.3490799 -16.4741417),5.288250652741515,,,,,,Unknown
charging_station,Evie Networks,POINT (149.1389146 -35.319776),5.288250652741515,,,,,,Type 2 Combo
charging_station,BP Pulse,POINT (146.2497942 -36.4400211),5.288250652741515,,,,,,Type 2 Combo
charging_station,AmpCharge,POINT (144.8092326 -37.8467311),4.0,,,,,,Type 2 Combo
charging_station,Evie Networks,POINT (146.3224917 -36.354976),5.288250652741515,,,,,,Type 2 Combo
charging_station,,POINT (144.5401407 -38.2466402),5.288250652741515,,,,,,Type 2
charging_station,,POINT (145.0102415 -37.8126532),4.0,,,,,,Type 2 Combo
charging_station,IKEA,POINT (145.0104534 -37.8128161),4.0,,,,,,Type 2
charging_station,,POINT (146.8234244 -41.1056353),5.288250652741515,,,,,,Unknown
charging_station,,POINT (144.6830044 -37.8252377),5.288250652741515,,,,,,Type 2
charging_station,"Tesla, Inc.",POINT (150.2298378 -34.6092951),6.0,,,,,Tesla Supercharger,Tesla Supercharger
charging_station,,POINT (145.1645031 -37.8755074),5.288250652741515,,,,,Engie,Type 2 Combo
charging_station,,POINT (147.4595905 -35.1582148),1.0,,,,,"Tesla, Inc.",Unknown
charging_station,Jolt,POINT (151.2725439 -33.7620961),1.0,,,,,,Unknown
charging_station,Jolt,POINT (151.2986321 -33.7194247),1.0,,,,,,Unknown
charging_station,BP Pulse,POINT (144.8276459 -38.371497),5.288250652741515,,,,,,Type 2 Combo
charging_station,,POINT (145.0489327 -37.2025703),5.288250652741515,,,,,,Type 2
charging_station,,POINT (144.9523451 -37.2943539),5.288250652741515,,,,,,Type 2
charging_station,Electric Highway Tasmania,POINT (147.0779643 -43.1617997),1.0,,,,,ABB,Type 2
charging_station,NRMA,POINT (147.5344411 -34.4463073),5.288250652741515,,,,,,Type 2 Combo
charging_station,,POINT (140.7933056 -37.8323149),5.288250652741515,,,,,,Type 2
charging_station,Electric Highway Tasmania,POINT (147.3365246 -42.9031473),5.288250652741515,,,,,Kempower,Type 2 Combo
charging_station,"Tesla, Inc.",POINT (150.8073027 -34.0714958),12.0,,,,,Tesla Supercharger,Tesla Supercharger
charging_station,BP Pulse,POINT (146.2481059 -36.4384716),5.288250652741515,,,,,,Type 2 Combo
charging_station,ChargePoint,POINT (144.8938508 -37.565088),1.0,,,,,ChargePoint,Unknown
charging_station,,POINT (144.8805475 -37.5302783),2.0,,,,,EVlink,Unknown
charging_station,Jolt,POINT (151.1077617 -33.869384),5.288250652741515,,,,,,Unknown
charging_station,BP Pulse,POINT (150.8914532 -34.4033184),5.288250652741515,,,,,,Type 2 Combo
charging_station,,POINT (149.6927672 -34.7722611),5.288250652741515,,,,,,Type 2 Combo
charging_station,,POINT (146.8092559 -19.2439428),2.0,,,,,EVUp,Unknown
charging_station,,POINT (138.6577314 -33.9027063),5.288250652741515,,,,,,Unknown
charging_station,BP Pulse,POINT (151.0212095 -33.8196728),2.0,,,,,BP Pulse,Type 2 Combo
charging_station,Get Electric,POINT (144.7243495 -37.5811281),5.288250652741515,,,,,,Unknown
charging_station,"Tesla, Inc.",POINT (149.0642995 -35.4161685),6.0,,,,,Tesla Supercharger,Tesla Supercharger
charging_station,"Tesla, Inc.",POINT (150.8634156 -34.437819),5.288250652741515,,,,,Tesla Supercharger,Tesla Supercharger
charging_station,"Tesla, Inc.",POINT (152.9723139 -27.4995659),9.0,,,,,Tesla Supercharger,Tesla Supercharger
charging_station,,POINT (150.9735895 -33.7309136),1.0,,,,,"Tesla, Inc.",Unknown
charging_station,"Tesla, Inc.",POINT (150.8999909 -34.4143916),4.0,,,,,"Tesla, Inc.",Unknown
charging_station,,POINT (137.0674367 -35.675634),1.0,,,,,"Tesla, Inc.",Unknown
charging_station,,POINT (138.987074 -34.4601303),5.288250652741515,,,,,,Unknown
charging_station,,POINT (145.1679215 -37.9420423),5.288250652741515,,,,,,Unknown
charging_station,"Tesla, Inc.",POINT (153.1139672 -27.5778291),6.0,,,,,Tesla Supercharger,Tesla Supercharger
charging_station,Chargefox,POINT (153.0898333 -30.3177072),5.288250652741515,,,,,,Type 2 Combo
charging_station,"Tesla, Inc.",POINT (150.6102525 -33.7451698),6.0,,,,,Tesla Supercharger,Tesla Supercharger
charging_station,Jolt,POINT (151.1911399 -33.9205413),2.0,,,,,,Unknown
charging_station,AmpCharge,POINT (152.9754203 -27.0420869),2.0,,,,,,Unknown
charging_station,Yurika,POINT (153.3388969 -27.9235795),5.288250652741515,,,,,,Unknown
charging_station,BP,POINT (151.2559338 -33.7955533),5.288250652741515,,,,,BP pulse,Unknown
charging_station,Evie Networks,POINT (146.0031298 -36.0098583),2.0,,,,,,Type 2 Combo
charging_station,Evie Networks,POINT (147.9729315 -37.8815874),2.0,,,,,,Type 2 Combo
charging_station,,POINT (151.2463108 -33.8747893),5.288250652741515,,,,,,Unknown
charging_station,,POINT (147.2717452 -42.832093),5.288250652741515,,,,,,Unknown
charging_station,BP Pulse,POINT (151.1729055 -33.9161106),5.288250652741515,,,,,BP Pulse,Unknown
charging_station,BP Pulse,POINT (144.898136 -37.5345631),5.288250652741515,,,,,BP Pulse,Type 2 Combo
charging_station,Jolt,POINT (151.2265681 -33.9563337),1.0,,,,,,Unknown
charging_station,BP Pulse,POINT (145.2231276 -37.9707686),5.288250652741515,,,,,BP Pulse,Type 2 Combo
charging_station,,POINT (145.0612892 -38.2204701),5.288250652741515,,,,,,Type 2
charging_station,,POINT (144.9044702 -38.3683136),5.288250652741515,,,,,,Type 2 Combo
charging_station,Evie Networks,POINT (130.8968374 -12.3961062),5.288250652741515,,,,,,Type 2 Combo
charging_station,,POINT (143.3996537 -37.1827215),5.288250652741515,,,,,,Type 2 Combo
charging_station,Evie Networks,POINT (147.6298864 -37.8236524),5.288250652741515,,,,,,Type 2 Combo
charging_station,Evie Networks,POINT (143.1458587 -38.2303057),5.288250652741515,,,,,,Type 2 Combo
charging_station,Evie Networks,POINT (141.2762627 -37.9222177),5.288250652741515,,,,,,Type 2 Combo
charging_station,Evie Networks,POINT (142.0245584 -37.7404408),2.0,,,,,,Type 2 Combo
charging_station,AmpCharge,POINT (150.6929513 -33.7429956),5.288250652741515,,,,,,Unknown
charging_station,,POINT (115.904494 -32.0396948),2.0,,,,,Tesla,Unknown
charging_station,Evie Networks,POINT (144.0767302 -37.8443654),5.288250652741515,,,,,,Type 2 Combo
charging_station,AmpCharge,POINT (144.7523843 -37.8048975),5.288250652741515,,,,,,Type 2 Combo
charging_station,Evie Networks,POINT (142.342789 -37.6495903),5.288250652741515,,,,,,Unknown
charging_station,Evie Networks,POINT (146.9621128 -36.7291804),5.288250652741515,,,,,,Type 2 Combo
charging_station,Evie Networks,POINT (147.7230181 -37.9191889),2.0,,,,,,Type 2 Combo
charging_station,Evie Networks,POINT (145.154243 -36.784243),5.288250652741515,,,,,,Type 2 Combo
charging_station,Evie Networks,POINT (146.9750191 -37.9673797),5.288250652741515,,,,,,Type 2 Combo
charging_station,Evie Networks,POINT (145.0036062 -37.9062995),5.288250652741515,,,,,,Type 2 Combo
charging_station,,POINT (151.2690237 -27.179865),5.288250652741515,,,,,,Unknown
charging_station,Evie Networks,POINT (145.1825279 -38.0884048),5.288250652741515,,,,,,Type 2 Combo
charging_station,Chargefox,POINT (145.2184081 -37.9132563),5.288250652741515,,,,,,Unknown
charging_station,Jolt,POINT (145.2304685 -37.8986283),5.288250652741515,,,,,,Type 2 Combo
charging_station,Evie Networks,POINT (145.0187073 -38.4744469),5.288250652741515,,,,,,Type 2 Combo
charging_station,Jolt,POINT (151.2309416 -33.9610334),5.288250652741515,,,,,,Unknown
charging_station,BP Pulse,POINT (145.1603959 -37.7039707),5.288250652741515,,,,,BP Pulse,Unknown
charging_station,Jolt,POINT (145.2948225 -37.881819),5.288250652741515,,,,,,Type 2 Combo
charging_station,Chargefox,POINT (145.1243715 -38.1399996),5.288250652741515,,,,,,Type 2 Combo
charging_station,Chargefox,POINT (137.5292589 -33.0300262),5.288250652741515,,,,,,Unknown
charging_station,,POINT (137.7480411 -35.0849323),5.288250652741515,,,,,,Unknown
charging_station,,POINT (145.1183979 -37.5105817),1.0,,,,,,Unknown
charging_station,,POINT (144.3210427 -38.1975552),5.288250652741515,,,,,,Type 2 Combo
charging_station,BP Pulse,POINT (150.8593146 -33.9887792),2.0,,,,,BP Pulse,Unknown
charging_station,,POINT (115.7205327 -32.5305019),5.288250652741515,,,,,,Unknown
charging_station,Jolt,POINT (151.0650786 -33.7505332),1.0,,,,,,Unknown
charging_station,Evie Networks,POINT (143.3830103 -37.428802),5.288250652741515,,,,,,Type 2 Combo
charging_station,BP Pulse,POINT (150.9518073 -33.7671757),2.0,,,,,BP Pulse,Unknown
charging_station,Evie Networks,POINT (151.2433755 -33.7513075),4.0,,,,,,Unknown
charging_station,Evie Networks,POINT (150.9955859 -33.8521007),2.0,,,,,,Type 2 Combo
charging_station,,POINT (138.5130494 -34.8695824),1.0,,,,,,Unknown
charging_station,Evie Networks,POINT (151.2375612 -33.8885103),2.0,,,,,,Unknown
charging_station,Jolt,POINT (138.5134782 -34.8610146),5.288250652741515,,,,,Jolt,Unknown
charging_station,Evie Networks,POINT (142.394036 -36.2506357),5.288250652741515,,29,Jamouneau Street,,,Type 2 Combo
charging_station,Evie Networks,POINT (144.5624714 -37.4232451),5.288250652741515,,,,,,Type 2 Combo
charging_station,Chargefox,POINT (144.4645623 -38.1862324),2.0,,,,,,Unknown
charging_station,"Tesla, Inc.",POINT (145.218728 -37.9858932),5.288250652741515,,,,,Tesla Supercharger,Tesla Supercharger
charging_station,"Tesla, Inc.",POINT (145.0111517 -37.9071507),4.0,,,,,Tesla Supercharger,Unknown
charging_station,Evie Networks,POINT (144.7350086 -37.2775677),5.288250652741515,,,,,,Type 2 Combo
charging_station,,POINT (150.898387 -33.8504225),2.0,,,,,Engie,Unknown
charging_station,,POINT (145.0409495 -38.2730919),5.288250652741515,,,,,,Unknown
charging_station,Evie Networks,POINT (145.5140998 -37.6538335),2.0,,,,,,Type 2 Combo
charging_station,Chargefox,POINT (145.3737771 -37.656863),2.0,,,,,,Unknown
charging_station,Evie Networks,POINT (145.7111581 -37.1919518),2.0,,,,,,Type 2 Combo
charging_station,Chargefox,POINT (144.6590581 -38.2679563),5.288250652741515,,,,,,Unknown
charging_station,Evie Networks,POINT (145.3534525 -37.9082794),5.288250652741515,,,,,,Type 2 Combo
charging_station,Chargefox,POINT (145.0296259 -37.8555678),5.288250652741515,,,,,,Type 2 Combo
charging_station,,POINT (149.4397081 -35.2577259),5.288250652741515,,,,,,Unknown
charging_station,Chargefox,POINT (143.8237383 -37.5351644),7.0,,,,,,Unknown
charging_station,AmpCharge,POINT (151.0646034 -33.9047467),2.0,,,,,,Unknown
charging_station,"Tesla, Inc.",POINT (143.784678 -37.5429448),5.288250652741515,,,,,Tesla Supercharger,Unknown
charging_station,,POINT (151.0840316 -28.4137758),5.288250652741515,,,,,Ezy Charger,Unknown
charging_station,Jolt,POINT (138.6733784 -34.8792237),5.288250652741515,,,,,Jolt,Unknown
charging_station,Evie Networks,POINT (142.9297211 -37.2820317),5.288250652741515,,,,,,Type 2 Combo
charging_station,Evie Networks,POINT (145.0860961 -37.9103331),5.288250652741515,,,,,,Type 2 Combo
charging_station,,POINT (122.2412521 -17.9535876),5.288250652741515,,,,,,Unknown
charging_station,Evie Networks,POINT (131.0084993 -12.5064456),5.288250652741515,,,,,,Type 2 Combo
charging_station,AmpCharge,POINT (151.3214629 -33.4275068),5.288250652741515,,,,,,Unknown
charging_station,Pittwater RSL,POINT (151.2933539 -33.6777006),5.288250652741515,,80-82,Mona Vale Road,,,Unknown
charging_station,Evie Networks,POINT (145.032662 -37.7794587),5.288250652741515,,,,,,Type 2 Combo
charging_station,AmpCharge,POINT (150.6399463 -34.2817965),5.288250652741515,,,,,,Unknown
charging_station,AmpCharge,POINT (150.6364305 -34.2821859),5.288250652741515,,,,,,Unknown
charging_station,Electric Highway Tasmania,POINT (147.3119932 -42.9758665),5.288250652741515,,15,Channel Highway,,Electric Highway Tasmania,Type 2
charging_station,,POINT (150.4138196 -34.4880018),6.0,,,,,"Tesla, Inc.",Unknown
charging_station,Chargefox,POINT (144.6711485 -37.8965087),4.0,,,,,,Type 2 Combo
charging_station,,POINT (143.5931753 -38.3413412),5.288250652741515,,,,,,Type 2
charging_station,BP Pulse,POINT (145.2541767 -37.7985627),5.288250652741515,,,,,BP Pulse,Type 2 Combo
charging_station,AmpCharge,POINT (145.2963129 -37.8232059),5.288250652741515,,,,,,Type 2 Combo
charging_station,AmpCharge,POINT (144.7554035 -37.6940479),5.288250652741515,,,,,,Type 2 Combo
charging_station,"Tesla, Inc.",POINT (147.3397911 -35.1309893),6.0,,,,,Tesla Supercharger,Unknown
charging_station,Evie Networks,POINT (145.039637 -38.2242104),5.288250652741515,,,,,,Unknown
charging_station,Jolt,POINT (150.9165225 -33.6832925),1.0,,,,,,Unknown
charging_station,Chargefox,POINT (144.1403106 -37.3090229),5.288250652741515,,,,,,Type 2 Combo
charging_station,Chargefox,POINT (143.8945183 -37.4224534),5.288250652741515,,,,,,Type 2 Combo
charging_station,Evie Networks,POINT (144.9222367 -37.6770375),5.288250652741515,,,,,,Type 2 Combo
charging_station,,POINT (151.1038722 -33.9077366),2.0,,,,,,Unknown
charging_station,Chargefox,POINT (136.8033794 -31.2553855),1.0,,,,,,Unknown
charging_station,,POINT (135.7496446 -30.9677042),1.0,,,,,,Unknown
charging_station,Central Victorian Greenhouse Alliance,POINT (145.9448225 -38.4758989),5.288250652741515,,,,,Charging the Regions,Type 2 Combo
charging_station,Central Victorian Greenhouse Alliance,POINT (146.0128144 -38.5773347),5.288250652741515,,,,,Charging the Regions,Type 2 Combo
charging_station,Central Victorian Greenhouse Alliance,POINT (145.8256 -38.4327834),5.288250652741515,,,,,Charging the Regions,Type 2 Combo
charging_station,"Tesla, Inc.",POINT (144.9807906 -37.8683054),5.288250652741515,,,,,Tesla Supercharger,Tesla Supercharger
charging_station,,POINT (145.0686042 -37.7588379),5.288250652741515,,,,,,Unknown
charging_station,Bunnings,POINT (145.1281439 -37.7869143),5.288250652741515,,,,,,Type 2
charging_station,AmpCharge,POINT (150.8064303 -34.4857516),5.288250652741515,,,,,,Unknown
charging_station,Evie Networks,POINT (144.4522173 -37.2490363),5.288250652741515,,,,,,Type 2 Combo
charging_station,Evie Networks,POINT (146.6870107 -36.3580999),2.0,,,,,,Type 2 Combo
charging_station,Evie Networks,POINT (143.4745278 -37.0899146),5.288250652741515,,,,,,Type 2 Combo
charging_station,Evie Networks,POINT (145.953366 -38.1674817),5.288250652741515,,,,,,Type 2 Combo
charging_station,Jolt,POINT (145.266605 -37.8410374),5.288250652741515,,,,,Jolt,Unknown
charging_station,City of Gold Coast,POINT (153.4124115 -27.9603586),2.0,,,,,,Unknown
charging_station,Chargefox,POINT (145.0502541 -37.9369598),6.0,,,,,EVlink,Unknown
charging_station,Jolt,POINT (150.8513323 -33.7355105),2.0,,,,,,Unknown
charging_station,,POINT (145.8804055 -34.8063865),5.288250652741515,,,,,,Unknown
charging_station,Evie Networks,POINT (145.9842966 -36.5506276),5.288250652741515,,,,,,Type 2 Combo
charging_station,Evie Networks,POINT (144.2766532 -36.7569325),5.288250652741515,,,,,,Unknown
charging_station,"Tesla, Inc.",POINT (146.3265843 -36.3530438),5.288250652741515,,,,,Tesla Supercharger,Unknown
charging_station,"Tesla, Inc.",POINT (148.914061 -34.8436719),12.0,,,,,Tesla Supercharger,Tesla Supercharger
charging_station,"Tesla, Inc.",POINT (147.317546 -35.7226725),9.0,,,,,Tesla Supercharger,Tesla Supercharger
charging_station,RAA,POINT (138.614269 -33.8355095),5.288250652741515,,,,,,Unknown
charging_station,Chargefox,POINT (142.4848481 -38.3890481),5.288250652741515,,,,,,Type 2 Combo
charging_station,AmpCharge,POINT (145.1436383 -37.900927),5.288250652741515,,,,,,Type 2 Combo
charging_station,AmpCharge,POINT (150.6218055 -33.7655858),5.288250652741515,,,,,,Unknown
charging_station,AmpCharge,POINT (150.4520408 -33.7209721),5.288250652741515,,,,,,Unknown
charging_station,Chargefox,POINT (138.7502878 -34.597429),2.0,,,,,,Unknown
charging_station,Chargefox,POINT (118.2782104 -31.4824333),5.288250652741515,,,,,,Unknown
charging_station,Evie Networks,POINT (151.1220937 -34.029301),4.0,,,,,,Unknown
charging_station,Evie Networks,POINT (144.3249846 -38.3312269),5.288250652741515,,,,,,Type 2 Combo
charging_station,Evie Networks,POINT (145.0848785 -38.0083659),5.288250652741515,,,,,,Type 2 Combo
charging_station,Evie Networks,POINT (144.7099486 -36.923434),5.288250652741515,,,,,,Type 2 Combo
charging_station,Evie Networks,POINT (142.2386167 -38.3837032),2.0,,,,,,Unknown
charging_station,Evie Networks,POINT (150.43701 -34.4467455),5.288250652741515,,,,,,Type 2 Combo
charging_station,Evie Networks,POINT (150.9330041 -33.775792),5.288250652741515,,,,,,Type 2 Combo
charging_station,BP Pulse,POINT (150.9591384 -33.7127533),5.288250652741515,,,,,BP Pulse,Unknown
charging_station,Evie Networks,POINT (150.9761633 -33.7277947),5.288250652741515,,,,,,Type 2 Combo
charging_station,Evie Networks,POINT (146.8865974 -36.1216586),5.288250652741515,,,,,,Type 2 Combo
charging_station,Chargefox,POINT (137.5314002 -33.0265422),5.288250652741515,,,,,,Unknown
charging_station,Chargefox,POINT (136.9290812 -33.6851271),5.288250652741515,,,,,,Unknown
charging_station,Chargefox,POINT (138.1462203 -34.1860685),5.288250652741515,,,,,,Unknown
charging_station,Chargefox,POINT (138.6146999 -35.0195836),5.288250652741515,,,,,,Unknown
charging_station,Chargefox,POINT (135.4620227 -33.0472046),2.0,,,,,Chargefox,Type 2 Combo
charging_station,Chargefox,POINT (138.9943901 -34.4747077),5.288250652741515,,,,,,Unknown
charging_station,Chargefox,POINT (137.7599939 -32.490268),5.288250652741515,,,,,,Unknown
charging_station,Chargefox,POINT (134.1989642 -32.7975963),2.0,,,,,,Type 2 Combo
charging_station,Chargefox,POINT (139.8438335 -36.8391079),5.288250652741515,,,,,,Unknown
charging_station,Chargefox,POINT (140.9087627 -35.2610559),5.288250652741515,,,,,,Unknown
charging_station,Chargefox,POINT (139.9870005 -34.1817125),5.288250652741515,,,,,,Unknown
charging_station,Chargefox,POINT (139.6709899 -34.0366131),5.288250652741515,,,,,,Unknown
charging_station,Chargefox,POINT (138.6668488 -34.7187434),5.288250652741515,,,,,,Unknown
charging_station,Evie Networks,POINT (138.5956065 -34.7591516),5.288250652741515,,,,,,Unknown
charging_station,Chargefox,POINT (136.415446 -33.1460327),2.0,,,,,,Type 2 Combo
charging_station,Evie Networks,POINT (142.7810413 -37.0568641),5.288250652741515,,,,,,Type 2 Combo
charging_station,Evie Networks,POINT (147.9063048 -36.1956744),5.288250652741515,,,,,,Type 2 Combo
charging_station,Jolt,POINT (150.9281721 -33.7004394),2.0,,,,,,Unknown
charging_station,Chargefox,POINT (136.4172294 -33.1350807),2.0,,,,,,Type 2
charging_station,Central Victorian Greenhouse Alliance,POINT (146.082548 -38.6942826),5.288250652741515,,,,,Charging the Regions,Type 2 Combo
charging_station,Central Victorian Greenhouse Alliance,POINT (146.2008759 -38.6532191),5.288250652741515,,,,,Charging the Regions,Type 2 Combo
charging_station,"Tesla, Inc.",POINT (147.632675 -37.8244565),5.288250652741515,,,,,Tesla Supercharger,Tesla Supercharger
charging_station,Evie Networks,POINT (144.8928132 -37.7366668),5.288250652741515,,,,,,Type 2 Combo
charging_station,"Tesla, Inc.",POINT (146.9136376 -36.0790815),5.288250652741515,,,,,Tesla Supercharger,Unknown
charging_station,Chargefox,POINT (138.8335411 -32.973401),5.288250652741515,,,,,,Unknown
charging_station,Chargefox,POINT (140.7429382 -36.9570803),5.288250652741515,,,,,,Unknown
charging_station,Evie Networks,POINT (144.170628 -38.0473092),5.288250652741515,,,,,,Type 2 Combo
charging_station,Evie Networks,POINT (145.9436282 -38.4779021),5.288250652741515,,,,,,Type 2 Combo
charging_station,"Tesla, Inc.",POINT (142.7814323 -37.0546434),5.288250652741515,,,,,Tesla Supercharger,Unknown
charging_station,Evie Networks,POINT (145.2622369 -37.7907099),5.288250652741515,,,,,,Type 2 Combo
charging_station,,POINT (153.0644252 -26.4004039),5.288250652741515,,,Mary Street,,,Unknown
charging_station,Evie Networks,POINT (145.8255061 -38.4345088),5.288250652741515,,,,,,Type 2 Combo
charging_station,Chargefox,POINT (121.7806754 -32.195829),5.288250652741515,,,,,,Type 2 Combo
charging_station,Evie Networks,POINT (145.6132606 -37.7808512),5.288250652741515,,,,,,Type 2 Combo
charging_station,Chargefox,POINT (145.3542395 -37.9101188),6.0,,,,,,Type 2
charging_station,Evie Networks,POINT (141.1829709 -35.2632634),5.288250652741515,,,,,,Type 2 Combo
charging_station,Evie Networks,POINT (150.8051711 -34.0720222),5.288250652741515,,,,,,Type 2 Combo
charging_station,AmpCharge,POINT (150.8651092 -33.9555586),5.288250652741515,,,,,,Unknown
charging_station,Chargefox,POINT (150.9995054 -33.792786),5.288250652741515,,,,,,Type 2
charging_station,"Tesla, Inc.",POINT (153.5443699 -28.1737957),5.288250652741515,,,,,Tesla Supercharger,Unknown
charging_station,AmpCharge,POINT (150.7408388 -33.745528),5.288250652741515,,,,,,Type 2 Combo
charging_station,BP Pulse,POINT (150.6922171 -33.7435121),5.288250652741515,,,,,BP Pulse,Type 2 Combo
charging_station,Evie Networks,POINT (144.9791857 -37.4138766),5.288250652741515,,,,,,Type 2 Combo
charging_station,"Tesla, Inc.",POINT (152.8271948 -31.4573909),6.0,,,,,Tesla Supercharger,Tesla Supercharger
charging_station,"Tesla, Inc.",POINT (145.0419354 -37.8452917),12.0,,,,,Tesla Supercharger,Tesla Supercharger
charging_station,"Tesla, Inc.",POINT (144.99606 -37.8391816),5.288250652741515,,,,,Tesla Supercharger,Unknown
charging_station,,POINT (144.8665448 -37.686614),5.288250652741515,,,,,,Type 2 Combo
charging_station,Evie Networks,POINT (144.7411195 -37.7554782),2.0,,,,,,Type 2 Combo
charging_station,"Tesla, Inc.",POINT (144.9474012 -37.2863602),6.0,,,,,Tesla Supercharger,Tesla Supercharger
charging_station,AmpCharge,POINT (150.8447937 -33.7161538),5.288250652741515,,,,,,Type 2 Combo
charging_station,,POINT (117.3567421 -34.9603265),5.288250652741515,,,,,,Unknown
charging_station,,POINT (151.1724187 -33.814086),1.0,,,,,,Unknown
charging_station,Chargefox,POINT (145.120603 -37.8193923),4.0,,,,,Engie,Type 2 Combo
charging_station,Evie Networks,POINT (151.6616905 -32.9635572),4.0,,,,,,Unknown
charging_station,Evie Networks,POINT (143.6692158 -38.7582509),5.288250652741515,,,,,,Type 2 Combo
charging_station,,POINT (151.6394417 -32.8119859),5.288250652741515,,,,,,Unknown
charging_station,,POINT (152.9724342 -30.6267085),5.288250652741515,,,,,,Unknown
charging_station,Central Victorian Greenhouse Alliance,POINT (146.2049592 -38.8112214),5.288250652741515,,,,,Charging the Regions,Type 2 Combo
charging_station,Central Victorian Greenhouse Alliance,POINT (146.1548714 -38.4004937),5.288250652741515,,,,,Charging the Regions,Type 2 Combo
charging_station,Central Victorian Greenhouse Alliance,POINT (145.3598536 -36.394603),5.288250652741515,,,,,Charging the Regions,Type 2 Combo
charging_station,Chargefox,POINT (145.2262264 -36.4403466),5.288250652741515,,,,,,Type 2 Combo
charging_station,Chargefox,POINT (147.2771317 -36.8616367),22.0,,,,,,Type 2
charging_station,Jolt,POINT (145.0415494 -37.9563505),5.288250652741515,,,,,,Type 2 Combo
charging_station,Chargefox,POINT (145.290863 -38.1496782),5.288250652741515,,,,,,Type 2
charging_station,,POINT (144.294362 -36.7533323),2.0,,,,,,Type 2 Combo
charging_station,,POINT (144.7520377 -37.805075),5.288250652741515,,,,,,Type 2 Combo
charging_station,,POINT (145.1633681 -37.902775),5.288250652741515,,,,,,Type 2 Combo
charging_station,Chargefox,POINT (144.5546647 -38.1892051),5.288250652741515,,,,,,Type 2 Combo
charging_station,,POINT (146.6859357 -36.3550727),6.0,,,,,,Unknown
charging_station,Evie Networks,POINT (141.6027913 -38.3466301),5.288250652741515,,,,,,Type 2 Combo
charging_station,Evie Networks,POINT (141.1831081 -35.2635176),5.288250652741515,,,,,,Type 2 Combo
charging_station,Chargefox,POINT (145.1648273 -37.8751244),5.288250652741515,,,,,Jetcharge,Type 2
charging_station,Evie Networks,POINT (145.3153884 -37.8561038),5.288250652741515,,,,,,Type 2 Combo
charging_station,Evie Networks,POINT (143.5853794 -38.3407944),5.288250652741515,,,,,,Type 2 Combo
charging_station,Chargefox,POINT (145.1349761 -38.1517841),5.288250652741515,,,,,,Type 2 Combo
charging_station,Evie Networks,POINT (144.8943248 -37.8023621),5.288250652741515,,,,,,Type 2 Combo
charging_station,Chargefox,POINT (133.6729103 -32.1262255),5.288250652741515,,,,,,Type 2 Combo
charging_station,Jolt,POINT (151.3200519 -33.5970633),1.0,,,,,,Unknown
charging_station,Jolt,POINT (150.8865473 -33.9579982),5.288250652741515,,,,,,Type 2 Combo
charging_station,Evie Networks,POINT (150.7354796 -34.0418122),5.288250652741515,,,,,,Type 2 Combo
charging_station,AmpCharge,POINT (145.0017197 -37.9448505),5.288250652741515,,,,,,Unknown
charging_station,,POINT (128.7404505 -15.7790416),5.288250652741515,,,,,,Unknown
charging_station,Chargefox,POINT (151.2533392 -33.8850206),5.288250652741515,,,,,,Unknown
charging_station,"Tesla, Inc.",POINT (142.1405924 -34.2098649),4.0,,,,,Tesla Supercharger,Tesla Supercharger
charging_station,"Tesla, Inc.",POINT (149.0954226 -33.283593),5.288250652741515,,,,,Tesla Supercharger,Unknown
charging_station,"Tesla, Inc.",POINT (148.2390905 -20.0012612),5.288250652741515,,,,,Tesla Supercharger,Unknown
charging_station,"Tesla, Inc.",POINT (117.8806315 -35.0279576),6.0,,,,,Tesla Supercharger,Unknown
charging_station,Chargefox,POINT (117.8807495 -35.028186),4.0,,,,,WA EV Network,Unknown
charging_station,,POINT (115.8931772 -32.0077385),2.0,,,,,Tritium,Unknown
charging_station,,POINT (115.763156 -32.041319),5.288250652741515,,,,,EVlink,Unknown
charging_station,Chargefox,POINT (145.2821557 -38.1089192),5.288250652741515,,,,,,Type 2 Combo
charging_station,Exploren,POINT (151.2358502 -33.884478),1.0,,,,,,Unknown
charging_station,,POINT (146.2710916 -20.0783899),5.288250652741515,,,,,,Unknown
charging_station,,POINT (146.1631112 -18.6444937),5.288250652741515,,,,,,Unknown
charging_station,,POINT (146.7598752 -19.2785384),5.288250652741515,,,,,,Unknown
charging_station,Chargefox,POINT (145.0390668 -38.2183773),5.288250652741515,,,,,,Type 2
charging_station,,POINT (144.6988225 -37.8343178),2.0,,,,,EVLink,Type 2
charging_station,Chargefox,POINT (144.9640885 -37.806177),5.288250652741515,,,,,,Type 2 Combo
charging_station,"Tesla, Inc.",POINT (151.7421054 -32.7638346),12.0,,,,,Tesla Supercharger,Tesla Supercharger
charging_station,Chargefox,POINT (150.8058677 -34.0716189),4.0,,,,,,Type 2
charging_station,Chargefox,POINT (151.07722 -33.8546447),2.0,,,,,Engie,Type 2 Combo
charging_station,,POINT (151.2514691 -33.8884752),1.0,,,,,,Unknown
charging_station,,POINT (151.2373913 -33.8845141),5.288250652741515,,,,,,Unknown
