id,properties.amenity,properties.brand,properties.description,properties.opening_hours,properties.short_name,geometry.type,geometry.coordinates,properties.capacity,properties.addr:city,properties.addr:country,properties.addr:postcode,properties.addr:state,properties.location,socket_types
way/762728901,charging_station,"Tesla, Inc.",Hollydene Supercharger,24/7,Tesla,Polygon,"[[[150.8323303, -32.4473776], [150.8322847, -32.4473524], [150.8321618, -32.4475109], [150.8322075, -32.4475361], [150.8323303, -32.4473776]]]",,,,,,,
way/1176146545,charging_station,Tesla Supercharger,,,Tesla,Polygon,"[[[139.5011723, -35.3040185], [139.5012011, -35.3040544], [139.5012277, -35.3040401], [139.5012529, -35.3040264], [139.5012757, -35.3040137], [139.501299, -35.304001], [139.5013229, -35.3039874], [139.5013471, -35.3039736], [139.5013176, -35.3039393], [139.5012935, -35.3039531], [139.5012707, -35.3039659], [139.5012467, -35.3039787], [139.5012244, -35.3039909], [139.501199, -35.3040043], [139.5011723, -35.3040185]]]",6,,,,,,
way/1189771948,charging_station,,,,,Polygon,"[[[138.5748466, -35.0081462], [138.5748542, -35.0081967], [138.5750899, -35.0081669], [138.5750818, -35.0081176], [138.5748466, -35.0081462]]]",,,,,,,
way/1253852373,charging_station,Tesla Destination,,24/7,,Polygon,"[[[130.877993, -12.4074783], [130.8779695, -12.4075449], [130.8780173, -12.4075609], [130.8780407, -12.4074944], [130.877993, -12.4074783]]]",3,,,,,,2
way/1258973419,charging_station,EVlink,,,,Polygon,"[[[144.9937152, -37.8037876], [144.9937602, -37.8035113], [144.9937013, -37.8035051], [144.9936529, -37.803781], [144.9937152, -37.8037876]]]",,,,,,,
way/1278067243,charging_station,Tesla,,24/7,,Polygon,"[[[153.0137566, -27.2394365], [153.0137045, -27.2394189], [153.0135673, -27.2397415], [153.0136194, -27.239759], [153.0137566, -27.2394365]]]",9,,,,,,
node/1638722815,charging_station,,,24/7,,Point,"[115.8715309, -31.9362523]",,,,,,,
node/3203111051,charging_station,ChargePoint,,,,Point,"[115.8348552, -32.0346555]",,,,,,,
node/3488644749,charging_station,ChargePoint,,,,Point,"[151.6438477, -32.9358797]",,,,,,,
node/3946796253,charging_station,,,,,Point,"[146.4125226, -41.218297]",2,,,,,,"1, 1"
node/4016257448,charging_station,Tesla Supercharger,Goulburn Supercharger,24/7,Tesla,Point,"[149.7209942, -34.7554799]",8,,,,,,
node/4027662399,charging_station,Tesla Supercharger,Tesla Supercharger,24/7,Tesla,Point,"[145.5734088, -36.7527958]",6,Euroa,AU,3666,VIC,,
node/4027663540,charging_station,Tesla Supercharger,Tesla Supercharger,24/7,Tesla,Point,"[146.8900517, -36.1237775]",,Wodonga,AU,3690,VIC,,
node/4027667916,charging_station,Tesla Supercharger,Tesla Supercharger,,Tesla,Point,"[148.1098598, -35.0021004]",6,,,,,,
node/4332286415,charging_station,"Tesla, Inc.",Tesla Chadstone,,Tesla,Point,"[145.0824905, -37.8872284]",4,Chadstone,,,,,
node/4332296675,charging_station,,,,,Point,"[145.2116252, -38.0270897]",2,,,,,,
node/4332305132,charging_station,,,,,Point,"[143.8664155, -37.5753648]",,,,,,,
node/4332324003,charging_station,,,,,Point,"[144.9719796, -37.8042881]",2,,,,,underground,
node/4356704673,charging_station,Tesla Supercharger,,,Tesla,Point,"[144.9957089, -37.8321721]",4,,,,,,
node/4559150341,charging_station,Tesla Supercharger,,,Tesla,Point,"[143.8226401, -37.5346311]",6,,,,,,
node/4681433874,charging_station,,,,,Point,"[138.7249462, -34.923656]",1,,,,,,
node/4776101051,charging_station,,,,,Point,"[145.133609, -37.9054453]",,,,,,,
node/4776121605,charging_station,,Free Moreland Council Car Charging Point,,,Point,"[144.9701016, -37.7412518]",,,,,,,
node/4776130324,charging_station,,,,,Point,"[145.5029836, -37.6507196]",,,,,,,
node/4861233240,charging_station,Yurika,QESH - Gatton,,,Point,"[152.3351514, -27.5512615]",2,,,,,,"2, 1"
node/4896269173,charging_station,ChargePoint,ChargePoint,,,Point,"[145.0534948, -37.9584508]",,,,,,,
node/5004854821,charging_station,Tesla Supercharger,Coffs Harbour Supercharger,24/7,Tesla,Point,"[153.1315933, -30.2814283]",6,,,,,,
node/5047210796,charging_station,,,,,Point,"[151.3749048, -33.5212508]",,,,,,,
node/5047211383,charging_station,ChargePoint,,,,Point,"[150.8812521, -34.4075897]",,,,,,,
node/5132854542,charging_station,Tesla Supercharger,,,Tesla,Point,"[140.3557562, -36.0990659]",,,,,,,
node/5162910541,charging_station,Tesla Supercharger,Clare Valley Supercharger,,Tesla,Point,"[138.6181952, -33.8485098]",4,,,,,,
node/5249804024,charging_station,,,,,Point,"[138.3188648, -35.4470219]",,,,,,,
node/5270964444,charging_station,,,,,Point,"[153.615842, -28.643176]",,,,,,,
node/5334248429,charging_station,,,,,Point,"[133.2007563, -25.197523]",,,,,,,
node/5334248433,charging_station,,,,,Point,"[133.6228479, -27.304117]",,,,,,,
node/5334248922,charging_station,,,,,Point,"[141.2756294, -37.921672]",,,,,,,
node/5395408885,charging_station,,Free Moreland Council EV charging,,,Point,"[144.9695097, -37.7025331]",1,,,,,,
node/5438383393,charging_station,Tesla Supercharger,Tesla Supercharger,,Tesla,Point,"[151.1946269, -33.8829291]",8,,,,,,
node/5519599141,charging_station,,,24/7,,Point,"[146.3248524, -41.382797]",2,,,,,,2
node/5519606421,charging_station,,,Mo-Fr 07:45-18:30; Sa-Su off,,Point,"[147.324301, -42.8812739]",2,,,,,,
node/5553840397,charging_station,,Free Moreland Council Car Charging Point,Mo-Su 09:00-09:00,,Point,"[144.9697797, -37.7407364]",,,,,,,
node/5758577851,charging_station,Tesla Supercharger,Tesla Supercharger,,Tesla,Point,"[150.1284524, -36.2231879]",,,,,,,
node/5865178390,charging_station,,,,,Point,"[151.2063604, -33.8682863]",,,,,,,
node/5879749471,charging_station,,,,,Point,"[144.9619656, -37.7714237]",,,,,,,
node/5985113586,charging_station,Tesla Supercharger,Canberra Supercharger,24/7,Tesla,Point,"[149.1902551, -35.2942578]",6,,,,,,
node/6012351152,charging_station,,Chargefox,24/7,,Point,"[145.5909893, -36.743036]",4,Euroa,AU,3666,VIC,,4
node/6110132412,charging_station,,,,,Point,"[137.7714998, -35.7874472]",1,,,,,,
node/6165583448,charging_station,,NRMA Fast Charger,,,Point,"[150.4424531, -34.4500909]",1,,AU,2575,,,1
node/6165583449,charging_station,ChargePoint,Mittagong Tourist Information Centre,,,Point,"[150.4519627, -34.4501399]",1,,AU,2575,NSW,,
node/6217636780,charging_station,,Chargefox,,,Point,"[146.7267687, -36.0739678]",8,,,,,,4
node/6294718962,charging_station,,J-1772,,,Point,"[143.8905143, -37.4438844]",2,,,,,,
node/6305536144,charging_station,"Tesla, Inc.",Tesla Mascot King Street,,Tesla,Point,"[151.186122, -33.9285142]",,,,2020,NSW,,
node/6361470537,charging_station,,,,,Point,"[150.8118548, -33.9760165]",,,,,,,
node/6361470538,charging_station,,,,,Point,"[150.8118557, -33.9760436]",,,,,,,
node/6434871034,charging_station,"Tesla, Inc.",Goolwa Visitor Information Centre - Destination Charging,,Tesla,Point,"[138.7844823, -35.5030219]",1,,,,,,
node/6456676767,charging_station,Tesla Supercharger,Tesla Supercharger,,Tesla,Point,"[146.7592991, -36.5870197]",,,,,,,
node/6456722833,charging_station,Tesla Supercharger,Tesla Supercharger,,Tesla,Point,"[148.6091712, -32.2499278]",,,,,,,
node/6456723747,charging_station,Tesla Supercharger,,,Tesla,Point,"[150.9171653, -31.1016073]",,,,,,,
node/6456731585,charging_station,ChargePoint,Chargepoint,,,Point,"[145.080672, -37.9505279]",,,,,,,
node/6456735006,charging_station,ChargePoint,,,,Point,"[145.1577067, -37.9214395]",,,,,,,
node/6456735596,charging_station,ChargePoint,,,,Point,"[145.165502, -37.8748303]",,,,,,,
node/6460533136,charging_station,Tesla Supercharger,Tesla Supercharger,,Tesla,Point,"[153.0404982, -27.4517194]",4,,,,,,
node/6460563175,charging_station,Tesla Supercharger,Tesla Supercharger,,Tesla,Point,"[153.4271031, -28.0353737]",8,,,,,,
node/6460580922,charging_station,"Tesla, Inc.",Knockrow Supercharger,24/7,Tesla,Point,"[153.5347035, -28.7495635]",6,,,,,,
node/6460587589,charging_station,Tesla Supercharger,Port Macquarie Supercharger,24/7,Tesla,Point,"[152.8236754, -31.4361396]",6,,,,,,
node/6460737186,charging_station,,,,,Point,"[144.3612324, -38.1433232]",4,,,,,,
node/6460781765,charging_station,,NRMA Fast Charger,,,Point,"[148.6197273, -36.4160168]",2,,,,,,
node/6460796546,charging_station,,NRMA Fast Charger,,,Point,"[147.2036752, -33.9237229]",,,,,,,
node/6460798626,charging_station,,NRMA Fast Charger,,,Point,"[148.2950671, -34.3117299]",1,,,,,,1
node/6460800322,charging_station,,NRMA Fast Charger,,,Point,"[148.1726877, -33.1375197]",,,,,,,
node/6485877929,charging_station,,RAC Electric Charging Station,,,Point,"[115.8244911, -33.5747389]",3,,,,,,
node/6489744914,charging_station,,NRMA Fast Charger,,,Point,"[149.5867462, -33.4191414]",1,,,,,,1
node/6489763087,charging_station,,NRMA Fast Charger,,,Point,"[150.7008205, -34.775569]",,,,,,,
node/6489797683,charging_station,,NRMA Fast Charger,,,Point,"[152.3814131, -32.0990505]",,,,,,,
node/6510389778,charging_station,,,,,Point,"[147.1395575, -41.4358155]",,,,,,,"1, 1"
node/6510436415,charging_station,,Mood Food Kempton,24/7,,Point,"[147.1888612, -42.5132365]",,,,,,,
node/6510508421,charging_station,,,,,Point,"[146.830594, -41.5279633]",1,,,,,,1
node/6512442081,charging_station,,NRMA Fast Charger,,,Point,"[150.1752344, -35.7084845]",1,,,,,,1
node/6517096170,charging_station,Tesla Supercharger,,,Tesla,Point,"[151.420595, -33.3101932]",,,,,,,
node/6525751310,charging_station,Tesla Supercharger,Tesla Supercharger,,Tesla,Point,"[150.6367014, -34.8082768]",,,,,,,
node/6562161992,charging_station,,,,,Point,"[144.9211921, -37.7235909]",,,,,,,
node/6566927907,charging_station,,,,,Point,"[145.0050847, -37.7401175]",1,,,,,,
node/6573455731,charging_station,,,,,Point,"[144.9597412, -37.8160073]",4,,,,,,
node/6573455732,charging_station,,,,,Point,"[144.9547665, -37.8163799]",1,,,,,,
node/6573455737,charging_station,,,,,Point,"[144.9559119, -37.8132556]",,,,,,,
node/6573455738,charging_station,,,,,Point,"[144.9618065, -37.8143461]",2,,,,,,
node/6573455739,charging_station,,,,,Point,"[144.9639555, -37.81826]",2,,,,,,
node/6573455740,charging_station,,,,,Point,"[144.9707936, -37.8162175]",,,,,,,
node/6573455741,charging_station,,,,,Point,"[144.9700374, -37.8153856]",,,,,,,
node/6573455742,charging_station,,,,,Point,"[144.9730784, -37.8144864]",,,,,,,
node/6573455743,charging_station,,,,,Point,"[144.9695662, -37.8125596]",2,,,,,,
node/6573455744,charging_station,,,,,Point,"[144.9681379, -37.813368]",,,,,,,
node/6585408270,charging_station,,Chargefox,,,Point,"[144.3113609, -38.3401694]",,,,,,,
node/6585419253,charging_station,Chargefox,,,,Point,"[144.8855401, -37.713734]",,,,,,,2
node/6595579456,charging_station,,NRMA Fast Charger,,,Point,"[151.0698417, -33.8460153]",2,,,,,,
node/6604720986,charging_station,,,,,Point,"[145.6858267, -38.6490505]",,,,,,,
node/6618649725,charging_station,,EVolution,,,Point,"[145.1184356, -37.9430275]",,,,,,,
node/6656200736,charging_station,,NRMA Fast Charger,,,Point,"[151.7362504, -29.7384627]",,,,,,,
node/6656233420,charging_station,,NRMA Fast Charger,,,Point,"[150.1611444, -33.4780477]",,,,,,,
node/6656345063,charging_station,,NRMA Fast Charger,,,Point,"[152.9335121, -29.6881629]",1,,,,,,1
node/6663145566,charging_station,,,,,Point,"[145.279579, -38.0870252]",2,,,,,,2
node/6695968988,charging_station,,NRMA Fast Charger,,,Point,"[153.553519, -28.636313]",2,,,,,,2
node/6704482109,charging_station,,,,,Point,"[144.830228, -37.86395]",,,,,,,1
node/6711862737,charging_station,,NRMA Fast Charger,,,Point,"[149.8431789, -36.6731502]",2,,,,,,1
node/6720432773,charging_station,,,,,Point,"[144.9426093, -37.8188089]",,,,,,,
node/6749392356,charging_station,,NRMA Fast Charger,,,Point,"[147.317755, -35.7175328]",2,,,,,,1
node/6749417820,charging_station,,NRMA Fast Charger,,,Point,"[148.3253727, -34.8234623]",1,,,,,,1
node/6753244994,charging_station,EVLink,,,,Point,"[151.1833566, -33.7965055]",2,,,,,,
node/6758195608,charging_station,,,,,Point,"[146.8959075, -36.0283814]",,,,,,,
node/6759463884,charging_station,,NRMA Fast Charger,,,Point,"[148.609354, -32.2493739]",,,,,,,
node/6773221148,charging_station,Yurika,QESH - Maryborough,,,Point,"[152.6988509, -25.5399733]",2,,,,,,"2, 1"
node/6773250148,charging_station,,Queensland Electric Super Highway,,,Point,"[153.5149307, -28.1640661]",,,,,,,
node/6773252378,charging_station,Chargefox,Chargefox Gundagai,,,Point,"[148.1104046, -35.0021569]",1,,,,,,1
node/6773252901,charging_station,Yurika,QESH - North Lakes,,,Point,"[152.8997448, -27.6821816]",2,,,,,,"2, 1"
node/6773287818,charging_station,Yurika,QESH - Hamilton,,,Point,"[153.0839368, -27.4443325]",4,,,,,,"2, 1"
node/6773289000,charging_station,Yurika,QESH - Childers,,,Point,"[152.278546, -25.235255]",2,,,,,,"2, 1"
node/6773304236,charging_station,Yurika,QESH - Cooroy,,,Point,"[152.9114294, -26.4170901]",2,,,,,,"2, 1"
node/6773336912,charging_station,Tesla Supercharger,Tesla Supercharger,,Tesla,Point,"[153.0874707, -26.6537911]",6,,,,,,
node/6775859672,charging_station,,Melbourne Marriot Hotel,,,Point,"[144.9692983, -37.8098361]",1,,,,,,
node/6775859673,charging_station,,,,,Point,"[144.970523, -37.8101221]",,,,,,,
node/6775859674,charging_station,,,,,Point,"[144.9633222, -37.8055148]",,,,,,,
node/6775859675,charging_station,,,,,Point,"[144.9669687, -37.8022448]",,,,,,,
node/6775859678,charging_station,,,,,Point,"[144.9733535, -37.8044709]",2,,,,,,
node/6775859679,charging_station,,,,,Point,"[144.9427005, -37.8014314]",1,,,,,,
node/6775859680,charging_station,,,,,Point,"[144.9428225, -37.801086]",,,,,,,
node/6775859681,charging_station,,,,,Point,"[144.939222, -37.812617]",1,,,,,,
node/6775859682,charging_station,,,,,Point,"[144.9370084, -37.8129804]",,,,,,,
node/6775859684,charging_station,,,,,Point,"[144.9509974, -37.8100036]",,,,,,,
node/6775895585,charging_station,,,,,Point,"[144.9607646, -37.8319526]",,,,,,,
node/6775895586,charging_station,,,,,Point,"[144.9692208, -37.8322063]",,,,,,,
node/6816255780,charging_station,Tesla Supercharger,,,Tesla,Point,"[144.3064633, -36.7745651]",6,,,,,,
node/6816990777,charging_station,Tesla Supercharger,Heatherbrae Supercharger,,Tesla,Point,"[151.7276848, -32.7878111]",6,,,,,,
node/6817401048,charging_station,Chargefox,,,Chargefox,Point,"[153.112883, -27.5779109]",2,,,,,,2
node/6824446152,charging_station,,,,,Point,"[152.0308228, -28.2168672]",,,,,,,
node/6839063086,charging_station,,,,,Point,"[145.1705033, -38.2998125]",,,,,,,
node/6839163294,charging_station,,NRMA Fast Charger,,,Point,"[150.2519137, -30.9786335]",,,,,,,
node/6859419893,charging_station,,,,,Point,"[144.5220013, -38.2661166]",,,,,,,
node/6865327793,charging_station,,,,,Point,"[145.5266163, -41.4429335]",2,,,,,,"1, 1"
node/6907644721,charging_station,Chargefox,,,,Point,"[153.5617941, -28.857635]",,,,,,,
node/6914078647,charging_station,,Chargefox,,,Point,"[146.2375699, -38.184512]",,,,,,,
node/6914659544,charging_station,,,,,Point,"[150.8633339, -34.436581]",,,,,,,
node/6926483227,charging_station,NRMA,NRMA Fast Charger,,,Point,"[144.8426785, -34.5091627]",,,,,,,1
node/6926521128,charging_station,NRMA,NRMA Fast Charger,,,Point,"[142.162711, -34.18882]",,,,,,,1
node/6961067090,charging_station,"Tesla, Inc.",,,Tesla,Point,"[153.563108, -28.870871]",,,,,,,
node/6961675434,charging_station,,,,,Point,"[151.7720103, -32.9291638]",22,,,,,,
node/6965043248,charging_station,,,,,Point,"[151.7607437, -32.9302558]",50,,,,,,
node/6965043249,charging_station,,,,,Point,"[151.7607424, -32.9302851]",22,,,,,,
node/6965043250,charging_station,,,,,Point,"[151.760741, -32.9303144]",22,,,,,,
node/6965052432,charging_station,,,,,Point,"[151.1778386, -33.8763052]",22,,,,,,
node/6965112603,charging_station,,,,,Point,"[151.6906686, -32.9028042]",7,,,,,,
node/6965116701,charging_station,,,,,Point,"[151.6697747, -32.9026832]",50,,,,,,
node/6965116702,charging_station,,,,,Point,"[151.6698001, -32.9026703]",50,,,,,,
node/6965143040,charging_station,,,,,Point,"[151.2391178, -33.9138057]",22,,,,,,
node/6967754081,charging_station,Chargefox,,,,Point,"[151.2129122, -33.9053712]",,,,,,,
node/6967811174,charging_station,Tesla Supercharger,,,Tesla,Point,"[144.9222192, -37.7644055]",,,,,,,
node/6968144446,charging_station,Evie Networks,Evie Networks Fast Charger,,,Point,"[152.9964595, -26.9182695]",,,,,,,
node/6970324927,charging_station,,,,,Point,"[119.3819872, -34.3984322]",2,,,,,,
node/6975226878,charging_station,,,,,Point,"[153.0167803, -27.4954744]",2,,,,,,
node/6979040237,charging_station,Tesla Supercharger,Tesla Supercharger,,Tesla,Point,"[149.1267896, -36.2355277]",,,,,,,
node/6979057721,charging_station,,Chargefox,,,Point,"[149.1336412, -36.2188825]",350,,,,,,
node/6984191992,charging_station,,,,,Point,"[115.3418932, -33.645879]",,,,,,,
node/7021322234,charging_station,Chargefox,Chargefox Goulburn,,,Point,"[149.7496197, -34.7479333]",3,,,,,,3
node/7034602235,charging_station,,Chargefox Kings Meadows - idle fees apply,,,Point,"[147.1586843, -41.4681651]",2,,,,,,2
node/7034800289,charging_station,Tesla Supercharger,Tesla Supercharger,,Tesla,Point,"[151.9467399, -27.5780873]",4,,,,,,
node/7042825731,charging_station,,Chargefox Karuah,,,Point,"[151.9625258, -32.6539082]",3,,,,,,1
node/7070676761,charging_station,,,,,Point,"[147.5146104, -41.1621624]",,,,,,,
node/7104312656,charging_station,,Town Hall Daylesford,24/7,,Point,"[144.1423321, -37.3426377]",2,,,,,,
node/7110814863,charging_station,"Tesla, Inc.","Tesla Only, 22kw destination charger",,Tesla,Point,"[142.9339235, -37.2833721]",,,,,,,
node/7125090552,charging_station,Evie Networks,Evie Networks Campbell Town,24/7,,Point,"[147.4945273, -41.9293446]",2,,,,,,2
node/7135828901,charging_station,,,,,Point,"[153.0412292, -27.4921779]",1,,,,,,
node/7140188595,charging_station,Tesla Supercharger,Tesla Supercharger,,Tesla,Point,"[153.2391675, -29.427045]",4,,,,,,
node/7145645463,charging_station,"Tesla, Inc.",Tesla Destination Charger,,Tesla,Point,"[134.7543104, -29.0106618]",1,,,,,,
node/7149039454,charging_station,,,,,Point,"[144.9614795, -37.7189925]",1,,,,,,1
node/7185843792,charging_station,Tesla Supercharger,Adelaide Supercharger,,Tesla,Point,"[138.5952395, -34.9276045]",4,,,,,,
node/7221406917,charging_station,Chargefox,,,,Point,"[138.6048811, -34.9244]",2,,,,,,2
node/7236246800,charging_station,"Tesla, Inc.",Macquarie Point Charging Station,,Tesla,Point,"[147.3370559, -42.8807344]",3,,,,,,2
node/7237598406,charging_station,,,,,Point,"[150.8452155, -33.7708416]",,,,,,,
node/7244697466,charging_station,,NRMA Fast Charger,,,Point,"[146.9148011, -36.0837898]",,,,,,,1
node/7249211887,charging_station,,,,,Point,"[140.3615633, -36.1050786]",,,,,,,2
node/7270664150,charging_station,Tesla Supercharger,Tesla Supercharger,,Tesla,Point,"[151.1207792, -33.7781529]",,,,,,,
node/7370307097,charging_station,,,,,Point,"[143.8623024, -37.5613256]",,,,,,,4
node/7370327570,charging_station,,Dan Murphy's Charging Station,,,Point,"[150.1774602, -35.7098969]",1,,,,,,
node/7371168765,charging_station,Tesla Supercharger,,,Tesla,Point,"[152.6612476, -26.1881513]",4,,,,,,
node/7375482623,charging_station,,NRMA Fast Charger,,,Point,"[151.2946203, -32.7742468]",,,,,,,
node/7384135909,charging_station,,NRMA Fast Charger,,,Point,"[149.2791803, -31.2787465]",,,,,,,
node/7401170459,charging_station,,,,,Point,"[151.2464722, -33.9306373]",,,,,,,
node/7416508372,charging_station,,,,,Point,"[144.9244765, -37.8244076]",,,,,,,
node/7416508373,charging_station,,,,,Point,"[144.9244672, -37.8243839]",,,,,,,
node/7416508374,charging_station,,,,,Point,"[144.9244629, -37.8243625]",,,,,,,
node/7476003934,charging_station,,Stockland Forster,,,Point,"[152.5199677, -32.1997712]",,,,,,,
node/7478006036,charging_station,,Evie Networks,,,Point,"[147.7361254, -35.2771687]",2,,,,,,2
node/7500495489,charging_station,,,,,Point,"[144.9789845, -37.7719979]",2,,,,,,
node/7512650865,charging_station,,NRMA Fast Charger,24/7,,Point,"[150.610947, -34.1683025]",1,,,,,,1
node/7612243561,charging_station,,Evie Networks,,,Point,"[145.2398046, -36.9074894]",2,,,,,,2
node/7612252206,charging_station,,Evie Taree,,,Point,"[152.4706099, -31.9433485]",2,,,,,,2
node/7644755936,charging_station,,Mood Food New Norfolk,24/7,,Point,"[147.0611487, -42.7791986]",,,,,,,
node/7672020234,charging_station,Evie Networks,,,,Point,"[146.8284661, -19.3194992]",2,,,,,,1
node/7742159359,charging_station,,NRMA Fast Charger,,,Point,"[143.5644882, -34.6396148]",,,,,,,1
node/7745584029,charging_station,,,,,Point,"[152.9036312, -27.6766678]",4,,,,,,
node/7769026737,charging_station,,,,,Point,"[139.2770491, -35.1205066]",2,,,,,,2
node/7811188174,charging_station,,,24/7,,Point,"[146.2290933, -42.1356399]",1,,,,,,"1, 1"
node/7814409569,charging_station,Electric Highway Tasmania,,24/7,,Point,"[145.5554413, -42.0788206]",1,,,7467,TAS,,"1, 1"
node/7816558586,charging_station,,NRMA Fast Charger,,,Point,"[148.9124032, -34.8412265]",2,,,,,,2
node/7818245016,charging_station,,,,,Point,"[145.1400183, -37.9208333]",,,,,,,1
node/7842335713,charging_station,,,,,Point,"[149.5813787, -33.4257824]",2,,,,,,
node/7853763889,charging_station,,Majura Park Destination Charger,,,Point,"[149.190361, -35.2998964]",1,,,,,,1
node/7853779128,charging_station,,ActewAGL Civic Rapid Charger,,,Point,"[149.1283604, -35.279627]",1,,,,,,1
node/7853799488,charging_station,,Secure Parking EV Chargers,,,Point,"[149.1354521, -35.2801903]",4,,,,,,4
node/7853821459,charging_station,NRMA,Sovereign Place NRMA Fast Charger,,,Point,"[152.8274176, -31.4581377]",2,,,,,,2
node/7858748739,charging_station,,SG Fleet Fyshwick,Mo-Su 06:00-20:00,,Point,"[149.165535, -35.3224367]",1,,,,,,1
node/7862093042,charging_station,,,,,Point,"[151.2762714, -33.8908025]",,,,,,,
node/7882866714,charging_station,,,,,Point,"[146.6510431, -41.5236168]",1,,,,,,1
node/7885621574,charging_station,,,24/7,,Point,"[147.3322907, -42.8814091]",1,,,,,,1
node/7908350351,charging_station,,,Mo-Su 09:00-17:00,,Point,"[146.7164989, -42.6817118]",1,,,,,,1
node/7916500373,charging_station,,,24/7,,Point,"[147.0474304, -43.0312044]",1,,,,,,1
node/7932870081,charging_station,,NRMA Fast Charger,,,Point,"[147.3735986, -35.1083685]",2,,,,,,1
node/7935846174,charging_station,,,,,Point,"[118.4624195, -33.1006924]",,,,,,,
node/7951263438,charging_station,,,24/7,,Point,"[146.9268457, -43.163457]",1,,,,,,1
node/7956430892,charging_station,,Evie Networks,,,Point,"[153.0500396, -26.6628606]",,,,,,,
node/7959130026,charging_station,,NRMA Fast Charger,,,Point,"[150.8663635, -32.0506093]",,,,,,,
node/7961393123,charging_station,,Evie Networks Fast Charger,,,Point,"[139.4404743, -35.2401819]",,,,,,,2
node/7987569797,charging_station,,Lorne Visitor Information Centre,,,Point,"[143.9742629, -38.5366421]",1,,,,,,
node/8021537952,charging_station,,,24/7,,Point,"[147.3333345, -42.8818357]",1,,,,,,1
node/8021537953,charging_station,,,24/7,,Point,"[147.3354788, -42.8816834]",1,,,,,,1
node/8023428147,charging_station,,,,,Point,"[153.077346, -27.4157668]",4,,,,,,
node/8028020165,charging_station,,,,,Point,"[142.201977, -36.7111262]",8,,,,,,4
node/8041302706,charging_station,Electric Highway Tasmania,,24/7,,Point,"[145.90733, -41.0498769]",1,,,,,,"1, 1"
node/8095263593,charging_station,,Treendale Shopping Centre,,,Point,"[115.7417543, -33.2831945]",2,,,,,,
node/8122913262,charging_station,Yurika,QESH - Rockhampton,,,Point,"[150.5132751, -23.3821063]",2,,,,,,"2, 1"
node/8122913263,charging_station,,,,,Point,"[150.5222122, -23.3558309]",,,,,,,
node/8133502030,charging_station,,NRMA Fast Charger,,,Point,"[151.6696956, -30.5119326]",1,,,,,,
node/8148294052,charging_station,,,,,Point,"[150.7352534, -33.7693688]",,,,,,,
node/8163934715,charging_station,,NRMA Fast Charger,,,Point,"[149.586206, -32.593669]",,,,,,,
node/8167428500,charging_station,Electric Highway Tasmania,,24/7,,Point,"[146.3593825, -41.1776609]",2,,,,,,"1, 1"
node/8169947525,charging_station,,Evie Seven Hills,,,Point,"[150.9548236, -33.7671436]",350,,,,,,2
node/8173029604,charging_station,,,,,Point,"[115.7649217, -33.9791934]",,,,,,,
node/8190129317,charging_station,"Tesla, Inc.",Tesla Destination Charger,,Tesla,Point,"[149.0994869, -33.280911]",,,,,,,
node/8192505717,charging_station,"Tesla, Inc.",Tesla Destination Charger,,Tesla,Point,"[149.0432132, -33.3333919]",,,,,,,
node/8195721669,charging_station,,Evie Networks,,,Point,"[145.0730497, -37.6784969]",,,,,,,
node/8209129030,charging_station,,NRMA Fast Charger,,,Point,"[152.0189641, -29.0572225]",,,,,,,
node/8219338731,charging_station,,Evie Networks,,,Point,"[144.5721618, -37.7227909]",,,,,,,1
node/8241597113,charging_station,,,,,Point,"[151.2414403, -33.8254745]",2,,,,,,
node/8241642779,charging_station,,NRMA Fast Charger,,,Point,"[138.9586197, -34.524747]",2,,,,,,1
node/8241696310,charging_station,,NRMA Fast Charger,,,Point,"[140.6035481, -34.2857972]",2,,,,,,1
node/8253300980,charging_station,,NRMA Fast Charger,24/7,,Point,"[148.6944413, -33.8340931]",,,,,,,"1, 1"
node/8280062891,charging_station,Charging the Regions,CTR Maryborough,,,Point,"[143.741488, -37.0508473]",2,,,,,,1
node/8280179360,charging_station,,,,,Point,"[145.1431387, -37.9279602]",,,,,,,
node/8302152508,charging_station,Tesla Supercharger,Tesla Supercharger,,Tesla,Point,"[149.5866349, -33.4190492]",6,,,,,,
node/8309916935,charging_station,Yurika,QESH - Forest Glen,,,Point,"[153.0042582, -26.6871515]",2,,,,,,"2, 1"
node/8317195266,charging_station,,NRMA Fast Charger,,,Point,"[145.7250878, -35.3549489]",,,,,,,1
node/8320308514,charging_station,,,,,Point,"[153.434591, -28.0293919]",,,,,,,
node/8333995490,charging_station,,Chargefox Charging Station,,,Point,"[145.6055893, -38.6680598]",2,,,,,,
node/8340141563,charging_station,,,Mo-Su 10:00-16:00,,Point,"[147.3947423, -41.0035878]",,,,,,,
node/8353962063,charging_station,Electric Highway Tasmania,,24/7,,Point,"[148.2483219, -41.3228603]",2,,,,,,"1, 1"
node/8366243660,charging_station,,BYO charge cables. Cables are locked away but  key available from Council to open cupboard during office hours.,24/7,,Point,"[147.3689883, -42.8641403]",1,,,,,,1
node/8384096764,charging_station,,,,,Point,"[143.6683449, -38.757058]",2,,,,,,
node/8390250930,charging_station,,,,,Point,"[152.8221638, -31.4637923]",,,,,,,2
node/8407794646,charging_station,Electric Highway Tasmania,,24/7,,Point,"[148.0752161, -42.1237047]",2,,,,,,"1, 1"
node/8441518529,charging_station,"Tesla, Inc.",Tesla Destination Charger,,Tesla,Point,"[147.9849476, -37.8810561]",,,,,,,
node/8443926799,charging_station,,,,,Point,"[115.8489479, -31.9480278]",,,,,,,
node/8451336892,charging_station,,,,,Point,"[147.324019, -42.8753548]",1,,,,,,
node/8456443961,charging_station,,,,,Point,"[145.2402838, -38.4513659]",2,,,,,,
node/8477352112,charging_station,,Evie Networks Fast Chargers,,,Point,"[145.2237568, -37.9713319]",,,,,,,2
node/8490556835,charging_station,Evie Networks,Evie Networks Brighton,24/7,,Point,"[147.2511179, -42.7006711]",2,,,,,,2
node/8490588005,charging_station,,,,,Point,"[145.9366036, -41.5824743]",1,,,,,,1
node/8505686311,charging_station,,Evie Networks Fast Charger,,,Point,"[152.919807, -30.7101732]",4,,,,,,2
node/8512844540,charging_station,Charging the Regions,Charging the Regions,,,Point,"[143.8676039, -36.575759]",2,,,,,,1
node/8520707717,charging_station,"Tesla, Inc.",,,Tesla,Point,"[145.2402851, -38.4513302]",2,,,,,,
node/8562296543,charging_station,Tesla Supercharger,,,Tesla,Point,"[145.056178, -37.8292531]",,,,,,,
node/8566959242,charging_station,Yurika,QESH - Gunalda,,,Point,"[152.5626944, -25.9943406]",2,,,,,,"2, 1"
node/8566959243,charging_station,Yurika,QESH - Gin Gin,,,Point,"[151.9531256, -24.9897146]",2,,,,,,"2, 1"
node/8566959244,charging_station,Yurika,QESH - Forest Glen,,,Point,"[151.5605055, -24.327605]",2,,,,,,"2, 1"
node/8566959245,charging_station,Yurika,QESH - Mount Larcom,,,Point,"[150.9800673, -23.8108708]",2,,,,,,"2, 1"
node/8566976196,charging_station,Yurika,QESH - Marlborough,,,Point,"[149.9325, -22.8280493]",2,,,,,,"2, 1"
node/8566976197,charging_station,Yurika,QESH - Carmila,,,Point,"[149.4106209, -21.9085589]",2,,,,,,"2, 1"
node/8566976198,charging_station,Yurika,QESH - Mackay,,,Point,"[149.1850897, -21.1393216]",2,,,,,,"2, 1"
node/8566976199,charging_station,Yurika,QESH - Proserpine,,,Point,"[148.5815516, -20.402497]",2,,,,,,"2, 1"
node/8566976200,charging_station,Yurika,QESH - Bowen,,,Point,"[148.2489113, -20.0167979]",2,,,,,,"2, 1"
node/8566976201,charging_station,Yurika,QESH - Ayr,,,Point,"[147.404019, -19.5755234]",2,,,,,,"2, 1"
node/8566979930,charging_station,Yurika,QESH - Townsville,,,Point,"[146.7584605, -19.3233331]",2,,,,,,"2, 1"
node/8566979931,charging_station,,,,,Point,"[146.8208282, -19.2600757]",1,,,,,,1
node/8566979932,charging_station,Yurika,QESH - Cardwell,,,Point,"[146.0246187, -18.2627649]",2,,,,,,"2, 1"
node/8566979933,charging_station,Yurika,QESH - Tully,,,Point,"[145.9240617, -17.9349336]",2,,,,,,"2, 1"
node/8566979934,charging_station,Yurika,QESH - Innisfail,,,Point,"[146.0267957, -17.5235786]",2,,,,,,"2, 1"
node/8566979935,charging_station,Yurika,QESH - Cairns,,,Point,"[145.7790922, -16.9205159]",2,,,,,,"2, 1"
node/8566979936,charging_station,Yurika,QESH - Port Douglas,,,Point,"[145.462902, -16.5267821]",2,,,,,,"2, 1"
node/8570161417,charging_station,,Lake Macquarie Council EV Charger,,,Point,"[151.6240709, -32.9599116]",,,,,,,
node/8571361842,charging_station,ChargePoint,,,,Point,"[137.9385131, -35.718308]",,,,,,,
node/8571382027,charging_station,Yurika,,,,Point,"[153.0156633, -27.243335]",2,,,,,,"2, 1"
node/8571382028,charging_station,Yurika,QESH - Springwood,,,Point,"[153.1355179, -27.6379161]",2,,,,,,"2, 1"
node/8571382029,charging_station,Yurika,QESH - Ipswich,,,Point,"[152.7584677, -27.6162053]",2,,,,,,"2, 1"
node/8571382030,charging_station,Yurika,QESH - Charlton,,,Point,"[151.8493789, -27.5200027]",2,,,,,,"2, 1"
node/8573118340,charging_station,Charging the Regions,Charging The Regions,,,Point,"[147.063117, -38.1121039]",,,,,,,1
node/8573119373,charging_station,Charging the Regions,,,,Point,"[143.9213354, -35.7344119]",1,,,,,,1
node/8597596498,charging_station,Tesla Supercharger,Tesla Supercharger,,Tesla,Point,"[145.4261508, -37.2100102]",4,,,,,,
node/8613733552,charging_station,"Tesla, Inc.",Tesla Destination Charger,,Tesla,Point,"[151.644388, -32.935565]",,,,,,,
node/8613757404,charging_station,,,,,Point,"[151.6676792, -32.9033741]",,,,,,,
node/8613757405,charging_station,,,,,Point,"[151.6677058, -32.903365]",,,,,,,
node/8620612761,charging_station,,,,,Point,"[146.3477263, -38.1805437]",,,,,,,1
node/8634205901,charging_station,,,,,Point,"[151.7019405, -32.8918933]",2,,,,,,
node/8645337003,charging_station,Charging the Regions,Charging the Regions,,,Point,"[144.2609648, -36.9986135]",,,,,,,1
node/8651235290,charging_station,,,,,Point,"[151.7789537, -32.9259292]",22,,,,,,
node/8651235291,charging_station,,,,,Point,"[151.7789514, -32.9259633]",22,,,,,,
node/8660496889,charging_station,"Tesla, Inc.",Tesla Destination Charger,,Tesla,Point,"[149.1333578, -35.2745267]",,,,,,,
node/8660502116,charging_station,"Tesla, Inc.",Tesla Destination Charger,,Tesla,Point,"[145.3299069, -42.1522093]",,,,,,,
node/8660513071,charging_station,"Tesla, Inc.",Tesla Destination Charger,,Tesla,Point,"[148.4516049, -36.4459863]",,,,,,,
node/8660513415,charging_station,"Tesla, Inc.",Tesla Destination Charger,,Tesla,Point,"[147.1376477, -41.4399913]",,,,,,,
node/8660516388,charging_station,"Tesla, Inc.",Tesla Destination Charger,,Tesla,Point,"[148.6165569, -36.4146819]",,,,,,,
node/8660527323,charging_station,,Westfield Charging Station (J-1772),,,Point,"[149.0857708, -35.3457734]",,,,,,,
node/8660535812,charging_station,"Tesla, Inc.",Tesla Destination Charger,,Tesla,Point,"[148.3020342, -42.1348216]",,,,,,,
node/8660540033,charging_station,"Tesla, Inc.",Tesla Destination Charger,,Tesla,Point,"[147.1290413, -41.4403151]",,,,,,,
node/8660555162,charging_station,"Tesla, Inc.",Tesla Destination Charger,,Tesla,Point,"[148.30455, -36.5049077]",,,,,,,
node/8678497906,charging_station,Tesla Supercharger,Tesla Supercharger,,Tesla,Point,"[146.3673186, -41.1800018]",,,,,,,
node/8687625054,charging_station,Tesla Supercharger,Tesla Supercharger,,Tesla,Point,"[143.5929776, -38.3413505]",,,,,,,
node/8690279176,charging_station,Charging the Regions,,,,Point,"[144.7479998, -36.1271422]",,,,,,,
node/8692040373,charging_station,Tesla Supercharger,,,Tesla,Point,"[150.8322409, -32.4474435]",6,,,,,,
node/8692040374,charging_station,,,,,Point,"[151.6821565, -30.555484]",7.4,,,,,,
node/8709283408,charging_station,"Tesla, Inc.",,,Tesla,Point,"[151.6728399, -30.5062581]",2,,,,,,2
node/8711272569,charging_station,Tesla Supercharger,Tesla Supercharger,,Tesla,Point,"[144.3824797, -38.0651667]",,,,,,,
node/8714190581,charging_station,,Porsche Destination Charger,,,Point,"[151.6482486, -33.1048978]",,,,,,,
node/8714688412,charging_station,Charging the Regions,,,,Point,"[144.2207964, -35.807933]",,,,,,,
node/8770992013,charging_station,,Evie Networks Taylors Lakes,,,Point,"[144.7821513, -37.6965635]",,,,,,,2
node/8778736867,charging_station,,,,,Point,"[144.3453057, -38.1293011]",2,,,,,,
node/8797027976,charging_station,,Herberton Historic Village,,,Point,"[145.3844854, -17.3736451]",2,,,,,,
node/8817023359,charging_station,,,,,Point,"[153.3104507, -27.8553474]",,,,,,,
node/8819321066,charging_station,,,,,Point,"[138.6437536, -34.937999]",1,,,,,,1
node/8822845273,charging_station,"Tesla, Inc.",Bremerton Wines Tesla Destination Charger,,Tesla,Point,"[139.0244883, -35.2941487]",2,,,,,,2
node/8848048175,charging_station,Charging the Regions,,,,Point,"[143.9001993, -36.7405105]",,,,,,,
node/8849746220,charging_station,,,,,Point,"[149.1354639, -35.1841062]",2,,,,,,
node/8858740996,charging_station,,Chargefox Charging Station,,,Point,"[145.1907152, -37.9365224]",22,,,,,,
node/8858753812,charging_station,,,,,Point,"[145.1800698, -37.9528827]",,,,,,,
node/8864968843,charging_station,,Evie Networks Westbury,,,Point,"[146.8452421, -41.525806]",,,,,,,1
node/8896794603,charging_station,,,,,Point,"[147.1419909, -41.4501546]",,,,,,,1
node/8911115310,charging_station,,,,,Point,"[151.2130127, -33.9069877]",,,,,,,
node/8943191752,charging_station,,Bayside Council,,,Point,"[145.017674, -37.9593639]",,,,,,,
node/8962371069,charging_station,"Tesla, Inc.",Tesla Destination Charger,,Tesla,Point,"[144.8209256, -38.3709259]",2,,,,,,
node/8994778322,charging_station,,,,,Point,"[153.149169, -29.5611899]",,,,,,,
node/9000002017,charging_station,,,,,Point,"[116.4755665, -32.8021172]",,,,,,,
node/9021517768,charging_station,Tesla Supercharger,Williams Supercharger,,Tesla,Point,"[116.8788933, -33.0246993]",3,,,,,,
node/9026039108,charging_station,Tesla Supercharger,Tesla Supercharger,,Tesla,Point,"[146.2590159, -38.172938]",,,,,,,
node/9058271716,charging_station,Charging the Regions,CTR Wycheproof,,,Point,"[143.2267286, -36.0790387]",2,,,,,,1
node/9058276006,charging_station,Charging the Regions,CTR Kyneton,24/7,,Point,"[144.4524935, -37.2470045]",2,,,,,,1
node/9058291617,charging_station,Charging the Regions,CTR Castlemaine,,,Point,"[144.217816, -37.0667926]",,,,,,,
node/9069283087,charging_station,"Tesla, Inc.",Tesla Destination Charger,,Tesla,Point,"[148.4516402, -36.4460208]",,,,,,,
node/9069321520,charging_station,"Tesla, Inc.",Tesla Destination,,Tesla,Point,"[148.3045413, -36.5049165]",,,,,,,
node/9072184481,charging_station,Charging the Regions,CTR Ouyen,,,Point,"[142.3156162, -35.0710089]",,,,,,,1
node/9072216068,charging_station,Charging the Regions,CTR Sea Lake,,,Point,"[142.8516829, -35.5040579]",,,,,,,1
node/9072216233,charging_station,,,,,Point,"[152.8219332, -27.5881184]",2,,,,,,
node/9092859485,charging_station,Charging the Regions,CTR Robinvale,,,Point,"[142.7746538, -34.5848436]",,,,,,,1
node/9092865942,charging_station,Charging the Regions,CTR Swan Hill,,,Point,"[143.5617026, -35.3409423]",2,,,,,,1
node/9097290660,charging_station,,Collie Central Park Car Park,,,Point,"[116.15296, -33.3587851]",,,,,,,
node/9121818285,charging_station,"Tesla, Inc.",Tesla Destination Charger - Unit 2 Coast Resort,,Tesla,Point,"[149.9120037, -36.8951652]",,,,,NSW,,
node/9121831091,charging_station,"Tesla, Inc.",Tesla Destination Charger,,Tesla,Point,"[148.4515931, -36.4459986]",,,,,,,
node/9139174626,charging_station,,,,,Point,"[141.9878017, -36.1423702]",,,,,,,
node/9139223343,charging_station,,,,,Point,"[142.0260508, -36.4546128]",,,,,,,1
node/9150530738,charging_station,Charging the Regions,CTR Woodend,,,Point,"[144.528833, -37.3558374]",2,,,,,,
node/9150544914,charging_station,Charging the Regions,CTR Shepparton,,,Point,"[145.4003239, -36.3803048]",,,,,,,1
node/9150566549,charging_station,Charging the Regions,CTR Wedderburn,,,Point,"[143.6138978, -36.4179502]",,,,,,,2
node/9184935771,charging_station,,,,,Point,"[150.5116862, -23.2884084]",,,,,,,
node/9204398603,charging_station,,"Bungan Street, Mona Vale, 1 hour",24/7,,Point,"[151.3031101, -33.6761456]",1,,,,,,1
node/9215252226,charging_station,,,,,Point,"[150.9199428, -33.8988886]",,,,,,,2
node/9217134714,charging_station,Tesla Supercharger,Tesla Supercharger,,Tesla,Point,"[145.05112, -38.2344038]",,,,,,,
node/9222837083,charging_station,,IKEA EV chargers,,,Point,"[145.1435899, -37.9271751]",4,,,,,,4
node/9228911986,charging_station,Bell Resources,Australian Electric Vehicle Charging & Clean Energy Company,Mo-Fr 09:00-17:00,,Point,"[151.2119085, -33.8648195]",,,,2000,NSW,,
node/9234402081,charging_station,"Tesla, Inc.",Tesla Destination Charger,,Tesla,Point,"[152.1029637, -26.8857922]",,,,,,,
node/9247816817,charging_station,,,,,Point,"[115.8164108, -31.977504]",2,,,,,,
node/9255078725,charging_station,"Tesla, Inc.",Tesla Destination Charger,,Tesla,Point,"[152.9007826, -31.4071902]",,,,,,,
node/9273513112,charging_station,Tesla Supercharger,"- 6 cables supplied by Tesla, with the standard CCS/SAE plug, with a max output of 250 kW  - 6 × 250kW Superchargers CCS2 only Enter via Karrinyup Road, follow signs for Fresh Market/Valet. Enter basement, take first Right. Chargers at end of aisle on Rig",,Tesla,Point,"[115.7766534, -31.8771547]",6,,,,,,
node/9273513113,charging_station,Tesla Supercharger,Eaton Supercharger,,Tesla,Point,"[115.717695, -33.3196098]",6,,,,,,6
node/9277136375,charging_station,,"Type2, non networked, 2 plugs. BYO Type 2 cable.
4h Parking. See plugshare for instructions",,,Point,"[115.7671672, -31.7426]",2,,,,,,
node/9277136376,charging_station,,"Lakeside Joondalup - Myer Carpark, Type 2, non networked, 2 plugs. BYO Type 2 cable.

4h parking.

The bays are on the ground floor of the multi storey car park, area “C”, close to the entrance to the shops.

See plugshare for instructions.",,,Point,"[115.7656665, -31.7454229]",2,,,,,,
node/9278715200,charging_station,,,,,Point,"[148.3878551, -30.9527945]",,,,,,,
node/9278741544,charging_station,,,,,Point,"[148.1177704, -30.0207154]",,,,,,,
node/9278772628,charging_station,,,,,Point,"[142.6092866, -37.1955356]",2,,,,,,
node/9287553131,charging_station,,"Murray Bridge Visitor Centre, Circontrol Type 2 AC dual socket. 22kW per socket. Free charging until further notice",,,Point,"[139.276204, -35.120385]",4,,,,,,4
node/9290610873,charging_station,,Richmond Tavistock No. 3,,,Point,"[151.0644363, -33.8660864]",1,,,,,,1
node/9290676154,charging_station,,ANZAC Wise,,,Point,"[151.2396953, -33.9435652]",,,,,,,
node/9290676155,charging_station,,Goodwood St,,,Point,"[151.2241142, -33.9071444]",1,,,,,,
node/9290790988,charging_station,,,,,Point,"[151.1716659, -33.9080986]",4,,,,,,
node/9291799180,charging_station,Tesla Supercharger,Tesla Supercharger,,Tesla,Point,"[142.5192858, -38.381323]",,,,,,,
node/9295253802,charging_station,,,,,Point,"[144.3181255, -38.2159676]",,,,,,,
node/9309912420,charging_station,,,,,Point,"[150.8754276, -33.7054584]",,,,,,,
node/9314985309,charging_station,Tesla Supercharger,Horsham Darlot St Supercharger,,Tesla,Point,"[142.1964354, -36.7158552]",3,,,,,,
node/9323036820,charging_station,,,,,Point,"[145.1159422, -38.0547644]",2,,,,,,1
node/9331261766,charging_station,,,,,Point,"[138.5042702, -34.8437992]",2,,,,,,
node/9344898113,charging_station,,,,,Point,"[141.4595159, -31.9596719]",,,,,,,
node/9347175037,charging_station,,,,,Point,"[151.1692687, -33.8135004]",,,,,,,
node/9354339800,charging_station,,,,,Point,"[150.8040539, -33.9532239]",,,,,,,
node/9363608762,charging_station,,,,,Point,"[151.0301289, -33.9320564]",,,,,,,
node/9366472089,charging_station,,,,,Point,"[149.0300976, -34.9692613]",2,,,,,,
node/9366873533,charging_station,,Chargefox Shell Cove,,,Point,"[150.8661667, -34.5878761]",,,,,,,
node/9377947870,charging_station,chargefox,Light Square Charging Station,,,Point,"[138.5944471, -34.9255431]",2,,,,,,2
node/9377956590,charging_station,Tesla,Barunga West Council,,,Point,"[137.9317912, -33.5998723]",,,,,,,
node/9377957708,charging_station,Chargefox,,,,Point,"[138.4863165, -34.8252197]",,,,,,,2
node/9377978026,charging_station,Chargefox,,,,Point,"[138.5952833, -34.9277554]",2,,,,,,2
node/9377978027,charging_station,Chargefox,,,,Point,"[138.5952236, -34.9277543]",2,,,,,,2
node/9377982881,charging_station,,Grosvenor Gardens charger,,,Point,"[138.6219659, -35.5536727]",,,,,,,
node/9377983050,charging_station,,,,,Point,"[138.6010902, -34.9617279]",2,,,,,,2
node/9377999297,charging_station,"Tesla, Inc.",,,Tesla,Point,"[138.4630733, -35.3913107]",1,,,,,,
node/9378018013,charging_station,,Yankalilla Council Chambers,,,Point,"[138.3507389, -35.4570334]",,,,,,,
node/9378951502,charging_station,Jetcharge,,24/7,,Point,"[151.2681007, -33.871695]",2,,,,,,22 kW
node/9380626727,charging_station,"Tesla, Inc.",Minlaton Charging Station,,Tesla,Point,"[137.5974941, -34.7678388]",1,,,,,,1
node/9380642063,charging_station,"Tesla, Inc.",Ardrossan Charging Station,,Tesla,Point,"[137.9167075, -34.4225942]",1,,,,,,1
node/9404724469,charging_station,,,,,Point,"[151.099324, -33.8872485]",,,,,,,
node/9408923628,charging_station,,,,,Point,"[150.8530426, -33.7848221]",,,,,,,
node/9408929771,charging_station,,,,,Point,"[150.8557293, -33.9522711]",2,,,,,,
node/9413056471,charging_station,RAC,,,,Point,"[115.7212028, -32.5276992]",2,,,,,,
node/9426539670,charging_station,,Caiguna Roadhouse,,,Point,"[125.4872676, -32.2708341]",,,,,,,
node/9426555291,charging_station,,,,,Point,"[144.9933258, -37.8043969]",,,,,,,
node/9467315676,charging_station,Tesla Supercharger,Tesla Supercharger,,Tesla,Point,"[151.0734395, -34.0338237]",6,,,,,,
node/9470340169,charging_station,,,,,Point,"[143.3857829, -31.5575066]",,,,,,,
node/9480216684,charging_station,,,,,Point,"[138.5496608, -35.0173769]",1,,,,,,
node/9481080902,charging_station,,,,,Point,"[151.2141725, -33.7620853]",1,,,,,,
node/9491233549,charging_station,,,24/7,,Point,"[151.2869932, -33.7537328]",1,,,,,,1
node/9491293057,charging_station,,,,,Point,"[151.8401359, -26.5400752]",,,,,,,1
node/9514983917,charging_station,,,24/7,,Point,"[150.7291974, -33.7698741]",2,,,,,,yes
node/9521361334,charging_station,Tesla Destination Charger,,08:00-17:00,,Point,"[151.2241781, -33.6892385]",2,,,,,,
node/9533110008,charging_station,Tesla Supercharger,Tesla Supercharger,,Tesla,Point,"[115.076035, -33.9511802]",3,,,,,,
node/9536966801,charging_station,,,,,Point,"[151.1206646, -33.7780797]",,,,,,,
node/9546004749,charging_station,,,24/7,,Point,"[151.283873, -33.7789889]",1,,,,,,1
node/9563743390,charging_station,,,,,Point,"[120.0441758, -33.5816984]",,,,,,,
node/9576559983,charging_station,Veefil,,,,Point,"[117.5557427, -33.691452]",,,,,,,
node/9603490031,charging_station,,,,,Point,"[151.063567, -33.9621828]",1,,,,,,
node/9607930796,charging_station,,,,,Point,"[115.9703353, -32.522369]",1,,,,,,yes
node/9610280217,charging_station,,,,,Point,"[138.573198, -34.9060068]",1,,,,,,
node/9610280317,charging_station,,,,,Point,"[138.5728037, -34.905922]",1,,,,,,
node/9619986125,charging_station,"Tesla, Inc",,24/7,,Point,"[148.6817349, -33.8354773]",2,,,,,,
node/9653279214,charging_station,,,,,Point,"[151.116168, -33.8695391]",1,,,,,,
node/9672846122,charging_station,,,,,Point,"[151.1096799, -33.8947565]",1,,,,,,
node/9679133660,charging_station,,,,,Point,"[144.5997596, -37.7151996]",2,,,,,,
node/9682654068,charging_station,,Harvey Parking Lot,,,Point,"[115.8968022, -33.0792151]",2,,,,,,"1, 1"
node/9682737335,charging_station,,,,,Point,"[115.7469427, -32.0584849]",4,,,,,,no
node/9682737336,charging_station,"Tesla, Inc.",Tesla Destination Charger,,Tesla,Point,"[115.7461221, -32.0575795]",2,,,,,,
node/9682737337,charging_station,"Tesla, Inc.",Tesla Destination Charger,,Tesla,Point,"[115.7472283, -32.0573845]",,,,,,,
node/9704345344,charging_station,,,,,Point,"[138.6415665, -34.9420624]",2,,,,,,
node/9704706490,charging_station,,,24/7,,Point,"[151.3037838, -33.6760959]",1,,,,,,1
node/9710289580,charging_station,"Tesla, Inc.",Tesla Destination Charger,,Tesla,Point,"[136.5725086, -33.9167278]",,,,,,,
node/9712759905,charging_station,,,,,Point,"[145.8376295, -31.4988063]",,,,,,,
node/9712774534,charging_station,,,,,Point,"[150.6737814, -33.7702608]",4,,,,,,
node/9712993934,charging_station,,,,,Point,"[141.6495675, -36.3328407]",,,,,,,1
node/9737993455,charging_station,,,,,Point,"[151.1710728, -33.9079872]",2,,,,,,
node/9738285222,charging_station,,,,,Point,"[151.1019416, -33.873882]",1,,,,,,
node/9738634914,charging_station,,,,,Point,"[144.7370438, -38.3385411]",,,,,,,2
node/9750631071,charging_station,,,,,Point,"[144.9148371, -37.6163187]",,,,,,,
node/9765677232,charging_station,,,,,Point,"[150.2251818, -34.6071777]",,,,,,,4
node/9765719405,charging_station,,,,,Point,"[152.9489592, -27.5338615]",4,,,,,,
node/9771012966,charging_station,,NRMA Tritium,,,Point,"[145.9348827, -30.0884156]",2,,,,,,
node/9771012967,charging_station,,NRMA Tritium,,,Point,"[146.8577827, -29.9607798]",2,,,,,,
node/9786977964,charging_station,,,,,Point,"[150.7957656, -34.4952775]",,,,,,,
node/9787101923,charging_station,ChargePoint,,,,Point,"[153.2608045, -27.7844523]",,,,,,,
node/9791477376,charging_station,,,,,Point,"[144.9942276, -37.6478848]",,,,,,,2
node/9797555741,charging_station,,,,,Point,"[145.237506, -37.9213954]",2,,,,,,2
node/9829541757,charging_station,,"Eat Street Northshore, 1 Tesla Connector, up to 22kW.
Available to the public. Self park.",,,Point,"[153.0819323, -27.444063]",1,,,,,,
node/9835982929,charging_station,,,Mo-Tu off; We-Su 10:00-16:00,,Point,"[146.7458333, -42.1244723]",1,,,,,,1
node/9837441201,charging_station,,EHT - Ouse,,,Point,"[146.7100895, -42.4850213]",,,,,,,1
node/9837441203,charging_station,,,24/7,,Point,"[147.2424695, -43.3218733]",1,,,7150,TAS,,1
node/9837441206,charging_station,Electric Highway Tasmania,,24/7,,Point,"[147.9681769, -41.6380862]",1,,,7214,TAS,,"1, 1"
node/9837441207,charging_station,,,,,Point,"[147.371219, -42.2989031]",2,,,,,,
node/9843352654,charging_station,,BYO cables,,,Point,"[147.4269258, -42.8874253]",,,,,,,
node/9852170665,charging_station,,,,,Point,"[145.2139634, -37.8319262]",,,,,,,2
node/9863000835,charging_station,,,,,Point,"[151.0954277, -33.8720579]",1,,,,,,
node/9863034303,charging_station,,,,,Point,"[150.90026, -33.9488297]",2,,,,,,2
node/9864969279,charging_station,"Tesla, Inc.","P2 blue, 4 destination chargers",,Tesla,Point,"[151.2644147, -33.7666354]",4,,,,,,
node/9880056998,charging_station,Charging the Regions,,,,Point,"[146.6747212, -38.5644471]",,,,,,,1
node/9880389305,charging_station,"Tesla, Inc.",Tesla Destination Charger,,Tesla,Point,"[134.7584779, -29.022055]",,,,,,,
node/9898771270,charging_station,,,,,Point,"[151.1999188, -33.9021318]",2,,,,,,
node/9900811626,charging_station,,Wall PowerPoint in twenty two north. Was made available to hotel guests on request.,,,Point,"[152.5136654, -32.1790682]",,,,,,,
node/9916436896,charging_station,,,,,Point,"[151.2088608, -33.8093255]",2,,,,,,
node/9930952737,charging_station,,,,,Point,"[145.023233, -37.7637113]",2,,,,,,2
node/9930952738,charging_station,,,,,Point,"[145.023185, -37.7637061]",2,,,,,,2
node/9930952741,charging_station,,,,,Point,"[145.0231298, -37.7637001]",2,,,,,,2
node/9932826382,charging_station,,,,,Point,"[149.1869737, -35.2954975]",,,,,,,
node/9932826383,charging_station,,,,,Point,"[149.1869976, -35.2955106]",,,,,,,
node/9932826384,charging_station,,,,,Point,"[149.1870115, -35.2954938]",,,,,,,
node/9932826385,charging_station,,,,,Point,"[149.1869915, -35.2954811]",,,,,,,
node/9939260096,charging_station,,,,,Point,"[153.0644501, -26.4004166]",,,,,,,
node/9953777925,charging_station,,,,,Point,"[151.081218, -33.9492389]",,,,,,,
node/9958152708,charging_station,,Rhodes Central,,,Point,"[151.0860347, -33.8300902]",2,,,,,,
node/9960709498,charging_station,,,,,Point,"[153.0108529, -27.3420061]",2,,,,,,
node/9965036281,charging_station,,,,,Point,"[150.9946067, -33.787764]",,,,,,,1
node/9987263214,charging_station,"Tesla, Inc.",,,Tesla,Point,"[148.9128433, -34.84184]",2,,,,,,
node/9996192046,charging_station,,,,,Point,"[151.0801412, -33.9701906]",1,,,,,,
node/10007469304,charging_station,,Marina Square,,,Point,"[151.0790514, -33.8256295]",3,,,,,,3
node/10007505419,charging_station,"Tesla, Inc.",Castle Towers,,Tesla,Point,"[151.0065082, -33.7296798]",3,,,,,,3
node/10007612223,charging_station,,,,,Point,"[144.915179, -37.7726024]",,,,,,,
node/10010196224,charging_station,Jetcharge,,,,Point,"[145.1227188, -38.1438691]",2,,,,,,2
node/10011175454,charging_station,,,,,Point,"[153.0483802, -28.8659126]",,,,,,,
node/10026076729,charging_station,,,,,Point,"[150.173894, -35.7096667]",2,,,,,,2
node/10035347983,charging_station,,,,,Point,"[151.2128688, -33.7036198]",,,,,,,2
node/10042338532,charging_station,,,,,Point,"[143.934527, -37.5647424]",4,,,,,,2
node/10048386532,charging_station,,,,,Point,"[147.1969608, -31.5643351]",,,,,,,
node/10048907994,charging_station,Tesla Supercharger,,,Tesla,Point,"[140.8026216, -37.8347592]",,,,,,,
node/10048914044,charging_station,,,,,Point,"[146.8386193, -36.3138529]",,,,,,,1
node/10050161556,charging_station,,Rhodes Waterside,Mo-Su 06:00-00:00,,Point,"[151.0848349, -33.8359626]",4,,,,,,4
node/10060883781,charging_station,,,,,Point,"[145.1918955, -38.3082563]",,,,,,,1
node/10062824393,charging_station,Charging the Regions,,,,Point,"[148.4559951, -37.7057324]",,,,,,,1
node/10091269880,charging_station,,,,,Point,"[151.1060452, -33.9678598]",1,,,,,,
node/10091269881,charging_station,,,,,Point,"[151.0710625, -33.948437]",1,,,,,,
node/10091269882,charging_station,,,,,Point,"[151.0858151, -33.807399]",1,,,,,,
node/10095102213,charging_station,"Tesla, Inc.",Tesla Destination Charger,,Tesla,Point,"[151.1694068, -33.8130165]",,,,,,,
node/10096554725,charging_station,,EHT - Maydena,,,Point,"[146.6290095, -42.754782]",,,,,,,"1, 1"
node/10100811799,charging_station,BP Pulse,BP Pulse,,,Point,"[145.1233653, -37.6802607]",,,,,,,1
node/10118356075,charging_station,Charging the Regions,,,,Point,"[149.1519705, -37.5650496]",,,,,,,1
node/10125281319,charging_station,,,,,Point,"[130.8699148, -12.3746811]",,,,,,,
node/10125281321,charging_station,,,,,Point,"[130.860126, -12.4307902]",,,,,,,
node/10125281322,charging_station,,,,,Point,"[130.8466989, -12.4663857]",,,,,,,
node/10136616439,charging_station,,,,,Point,"[151.1094379, -33.7755511]",6,,,,,,6
node/10147383653,charging_station,,,,,Point,"[115.7977393, -31.8763974]",,,,,,,
node/10156617736,charging_station,BP Pulse,BP Pulse,,,Point,"[145.0069973, -37.9001349]",,,,,,,1
node/10159370719,charging_station,,,,,Point,"[146.5498937, -34.7464753]",,,,,,,1
node/10161079414,charging_station,,,,,Point,"[147.2343632, -43.0708845]",,,,,,,1
node/10172694522,charging_station,Tesla Supercharger,Tesla Supercharger,,Tesla,Point,"[149.1520346, -37.5650916]",,,,,,,
node/10177425298,charging_station,,,,,Point,"[151.1706842, -33.8140858]",4,,,,,,
node/10180304091,charging_station,,,,,Point,"[150.4297454, -33.7206902]",,,,,,,
node/10180321115,charging_station,,,,,Point,"[151.1492145, -33.8848452]",,,,,,,
node/10182377477,charging_station,Charging the Regions,,,,Point,"[141.2965659, -37.0366955]",,,,,,,1
node/10182414072,charging_station,,,,,Point,"[153.4097005, -27.9807754]",,,,,,,
node/10184502299,charging_station,,,,,Point,"[144.8082128, -37.7264375]",,,,,,,2
node/10184521127,charging_station,,,,,Point,"[145.0268501, -37.8631061]",,,,,,,2
node/10184551929,charging_station,,,,,Point,"[141.2383789, -36.3777087]",,,,,,,1
node/10184611930,charging_station,,,,,Point,"[142.8409671, -37.7117289]",,,,,,,
node/10184645214,charging_station,,,,,Point,"[144.757421, -36.1135121]",,,,,,,
node/10196181562,charging_station,,,,,Point,"[151.0815506, -33.9815934]",1,,,,,,
node/10203808935,charging_station,,,,,Point,"[147.303553, -42.9802655]",2,,,,,,"2, 2"
node/10203818135,charging_station,,Bring your own cables,,,Point,"[147.2166221, -41.251906]",,,,,,,1
node/10203832127,charging_station,,,,,Point,"[147.2968239, -42.8484746]",1,,,,,,
node/10205558112,charging_station,Charging the Regions,,,,Point,"[147.5912017, -37.1010408]",,,,,,,1
node/10205699729,charging_station,Charging the Regions,,,,Point,"[147.6276789, -37.8255492]",,,,,,,
node/10208662680,charging_station,,,,,Point,"[153.4275587, -28.0353151]",4,,,,,,
node/10208698066,charging_station,,,,,Point,"[151.1267526, -33.8740709]",,,,,,,2
node/10218282678,charging_station,BP Pulse,,,,Point,"[151.0669461, -33.9195544]",,,,,,,1
node/10224669726,charging_station,,,,,Point,"[145.0225411, -37.8808068]",,,,,,,
node/10224669728,charging_station,,,,,Point,"[145.0225886, -37.8808133]",,,,,,,
node/10224962961,charging_station,Woolworths,,,,Point,"[152.9908938, -27.2290784]",2,,,,,,yes
node/10224962962,charging_station,Woolworths,,,,Point,"[152.9908943, -27.2291221]",2,,,,,,yes
node/10232012344,charging_station,,BP Pulse,,,Point,"[151.4443624, -33.3628805]",,,,,,,
node/10234390097,charging_station,,,,,Point,"[138.6558412, -34.8892781]",,,,,,,
node/10235078090,charging_station,,,,,Point,"[147.9099576, -42.5081603]",,,,,,,"1, 1"
node/10241615471,charging_station,,,,,Point,"[148.2422011, -42.092485]",,,,,,,
node/10250262062,charging_station,,,,,Point,"[147.8145103, -42.8870084]",,,,,,,
node/10250489983,charging_station,,,,,Point,"[138.6315391, -34.9160235]",,,,,,,
node/10258355351,charging_station,Tesla Supercharger,Tesla Supercharger,,Tesla,Point,"[152.017583, -29.0560795]",4,,,,,,
node/10263943171,charging_station,,,,,Point,"[149.9958809, -34.7190997]",,,,,,,1
node/10263943172,charging_station,,,,,Point,"[150.0006494, -34.7184231]",,,,,,,1
node/10269247316,charging_station,,,,,Point,"[150.1869854, -26.6589037]",,,,,,,
node/10271676341,charging_station,Tesla Supercharger,,,Tesla,Point,"[145.1347209, -37.8377449]",12,,,,,,
node/10296267794,charging_station,,,,,Point,"[150.7889593, -34.0678179]",2,,,,,,
node/10301768369,charging_station,,,,,Point,"[118.1491738, -31.8778574]",,,,,,,
node/10309600584,charging_station,Tesla Supercharger,,,Tesla,Point,"[145.4009851, -36.3843671]",6,,,,,,
node/10312526546,charging_station,,,,,Point,"[144.3398434, -38.228002]",,,,,,,2
node/10314029528,charging_station,,,,,Point,"[150.7889111, -34.0678179]",2,,,,,,
node/10561388116,charging_station,,,,,Point,"[146.1800703, -41.426075]",1,,,,,,1
node/10563108217,charging_station,,,,,Point,"[150.8236391, -34.0532156]",,,,,,,
node/10564461448,charging_station,"Tesla, Inc.",,,Tesla,Point,"[152.0626879, -32.701433]",2,,,,,,
node/10575852367,charging_station,,No Telstra phone coverage in area so RFID needed,,,Point,"[146.9740078, -43.4316033]",,,,,,,
node/10585020728,charging_station,,,,,Point,"[138.6731222, -34.8885406]",,,,,,,
node/10590006365,charging_station,,,,,Point,"[150.8503059, -33.8109506]",2,,,,,,
node/10597363016,charging_station,,may be private?,,,Point,"[146.3414448, -41.1792402]",,,,,,,"1, 1"
node/10600868218,charging_station,RAC,,,,Point,"[116.0358916, -34.4440118]",,,,,,,
node/10606057530,charging_station,,,,,Point,"[145.1319018, -37.908123]",2,,,,,,
node/10607603446,charging_station,,,,,Point,"[151.2559187, -33.7955368]",,,,,,,
node/10628109252,charging_station,,,,,Point,"[151.0177286, -33.9388196]",,,,,,,
node/10647829948,charging_station,,,,,Point,"[151.7371187, -32.7833007]",2,,,,,,1
node/10652018665,charging_station,,,,,Point,"[151.298355, -33.713676]",1,,,,,,
node/10665886981,charging_station,,,,,Point,"[145.3256657, -42.1549]",,,,,,,1
node/10687053371,charging_station,,,,,Point,"[151.1061283, -33.6899794]",2,,,,,,
node/10687069739,charging_station,,,,,Point,"[152.9607488, -26.6312341]",,,,,,,
node/10687073170,charging_station,,,,,Point,"[153.5159181, -28.8613732]",2,,,,,,
node/10698083860,charging_station,Electrona,,24/7,,Point,"[148.3041181, -41.8746986]",2,Bicheno,AU,,TAS,,
node/10708226454,charging_station,,"City of Sydney on street charging, operated by CBRE. Meter ID 50354",,,Point,"[151.2077898, -33.8591188]",2,,,,,,
node/10717941533,charging_station,,,,,Point,"[153.0344427, -27.4221557]",2,,,,,,
node/10720208509,charging_station,,,,,Point,"[151.1993723, -33.8755065]",,,,,,,
node/10720898724,charging_station,,,,,Point,"[146.5329719, -38.1956713]",,,,,,,1
node/10723068483,charging_station,,,,,Point,"[115.8213346, -31.9427278]",2,,,,,,
node/10724628252,charging_station,,,,,Point,"[145.3417866, -38.0932813]",2,,,,,,1
node/10724639943,charging_station,,,,,Point,"[145.2569607, -38.0512314]",4,,,,,,2
node/10724955406,charging_station,,,,,Point,"[145.3490799, -16.4741417]",,,,,,,
node/10738276283,charging_station,,EV charging station. Not yet active as of 2/June/2023,,,Point,"[149.1389146, -35.319776]",,,,,,,2
node/10744208052,charging_station,,,,,Point,"[146.2497942, -36.4400211]",,,,,,,
node/10744312168,charging_station,,,,,Point,"[144.8092326, -37.8467311]",4,,,,,,2
node/10744341618,charging_station,,,,,Point,"[146.3224917, -36.354976]",,,,,,,1
node/10744548980,charging_station,,,,,Point,"[144.5401407, -38.2466402]",,,,,,,"2, 1"
node/10744578942,charging_station,,,,,Point,"[145.0102415, -37.8126532]",4,,,,,,
node/10744581205,charging_station,,,,,Point,"[145.0104534, -37.8128161]",4,,,,,,4
node/10744595484,charging_station,,,,,Point,"[146.8234244, -41.1056353]",,,,,,,
node/10744604228,charging_station,,,,,Point,"[144.6830044, -37.8252377]",,,,,,,"1, 1"
node/10744631135,charging_station,Tesla Supercharger,,,Tesla,Point,"[150.2298378, -34.6092951]",6,,,,,,
node/10747234585,charging_station,Engie,,,,Point,"[145.1645031, -37.8755074]",,,,,,,1
node/10747930958,charging_station,"Tesla, Inc.",,,Tesla,Point,"[147.4595905, -35.1582148]",1,,,,,,
node/10750707216,charging_station,,,,,Point,"[151.2725439, -33.7620961]",1,,,,,,
node/10750707217,charging_station,,,,,Point,"[151.2986321, -33.7194247]",1,,,,,,
node/10770078050,charging_station,,,,,Point,"[144.8276459, -38.371497]",,,,,,,1
node/10770496461,charging_station,,,,,Point,"[145.0489327, -37.2025703]",,,,,,,"1, 1"
node/10770515438,charging_station,,,,,Point,"[144.9523451, -37.2943539]",,,,,,,"1, 1"
node/10772373678,charging_station,ABB,,,,Point,"[147.0779643, -43.1617997]",1,,,,,,"1, 1"
node/10772401236,charging_station,,,,,Point,"[147.5344411, -34.4463073]",,,,,,,1
node/10772422189,charging_station,,,,,Point,"[140.7933056, -37.8323149]",,,,,,,4
node/10772464492,charging_station,Kempower,,,,Point,"[147.3365246, -42.9031473]",80 kW,,,,,,2
node/10774220953,charging_station,Tesla Supercharger,,,Tesla,Point,"[150.8073027, -34.0714958]",12,,,,,,
node/10778712392,charging_station,,,,,Point,"[146.2481059, -36.4384716]",,,,,,,
node/10778861141,charging_station,ChargePoint,,,,Point,"[144.8938508, -37.565088]",1,,,,,,
node/10779001859,charging_station,EVlink,,,,Point,"[144.8805475, -37.5302783]",2,,,,,,
node/10780543260,charging_station,,,,,Point,"[151.1077617, -33.869384]",,,,,,,
node/10783513810,charging_station,,,,,Point,"[150.8914532, -34.4033184]",,,,,,,
node/10792695777,charging_station,,,,,Point,"[149.6927672, -34.7722611]",,,,,,,
node/10796609690,charging_station,EVUp,,,,Point,"[146.8092559, -19.2439428]",2,,,,,,
node/10800544064,charging_station,,,,,Point,"[138.6577314, -33.9027063]",,,,,,,
node/10807470662,charging_station,BP Pulse,,,,Point,"[151.0212095, -33.8196728]",2,,,,,,
node/10807822822,charging_station,,,,,Point,"[144.7243495, -37.5811281]",,,,,,,
node/10815538922,charging_station,Tesla Supercharger,South Point Tuggeranong Supercharger,24/7,Tesla,Point,"[149.0642995, -35.4161685]",6,,,,,,
node/10815562193,charging_station,Tesla Supercharger,Tesla Supercharger,,Tesla,Point,"[150.8634156, -34.437819]",,,,,,,
node/10815638128,charging_station,Tesla Supercharger,Tesla Supercharger,,Tesla,Point,"[152.9723139, -27.4995659]",9,,,,,,
node/10815896313,charging_station,"Tesla, Inc.",,,Tesla,Point,"[150.9735895, -33.7309136]",1,,,,,,
node/10815896314,charging_station,"Tesla, Inc.",,,Tesla,Point,"[150.8999909, -34.4143916]",4,,,,,,
node/10817075802,charging_station,"Tesla, Inc.",,,Tesla,Point,"[137.0674367, -35.675634]",1,,,,,,
node/10840954672,charging_station,,,,,Point,"[138.987074, -34.4601303]",,,,,,,
node/10841728252,charging_station,,,,,Point,"[145.1679215, -37.9420423]",,,,,,,
node/10856712697,charging_station,Tesla Supercharger,,,Tesla,Point,"[153.1139672, -27.5778291]",6,,,,,,
node/10861584624,charging_station,,,,,Point,"[153.0898333, -30.3177072]",,,,,,,2
node/10861761260,charging_station,Tesla Supercharger,,,Tesla,Point,"[150.6102525, -33.7451698]",6,,,,,,
node/10863588015,charging_station,,,,,Point,"[151.1911399, -33.9205413]",2,,,,,,
node/10863607717,charging_station,,,,,Point,"[152.9754203, -27.0420869]",2,,,,,,
node/10864661364,charging_station,,,,,Point,"[153.3388969, -27.9235795]",,,,,,,
node/10872527226,charging_station,BP pulse,,,,Point,"[151.2559338, -33.7955533]",,,,,,,
node/10892673392,charging_station,,,,,Point,"[146.0031298, -36.0098583]",2,,,,,,1
node/10892824559,charging_station,,,,,Point,"[147.9729315, -37.8815874]",2,,,,,,1
node/10895054616,charging_station,,,,,Point,"[151.2463108, -33.8747893]",,,,,,,
node/10899273472,charging_station,,,,,Point,"[147.2717452, -42.832093]",,,,,,,
node/10907235224,charging_station,BP Pulse,,,,Point,"[151.1729055, -33.9161106]",,,,,,,
node/10909787138,charging_station,BP Pulse,,,,Point,"[144.898136, -37.5345631]",,,,,,,
node/10919805054,charging_station,,,,,Point,"[151.2265681, -33.9563337]",1,,,,,,
node/10923020181,charging_station,BP Pulse,,,,Point,"[145.2231276, -37.9707686]",,,,,,,
node/10923045686,charging_station,,,,,Point,"[145.0612892, -38.2204701]",,,,,,,4
node/10923134040,charging_station,,,,,Point,"[144.9044702, -38.3683136]",,,,,,,2
node/10923255879,charging_station,,,,,Point,"[130.8968374, -12.3961062]",,,,,,,2
node/10923455696,charging_station,,,,,Point,"[143.3996537, -37.1827215]",,,,,,,
node/10923467119,charging_station,,,,,Point,"[147.6298864, -37.8236524]",,,,,,,1
node/10923519868,charging_station,,,,,Point,"[143.1458587, -38.2303057]",,,,,,,1
node/10923543492,charging_station,,,,,Point,"[141.2762627, -37.9222177]",,,,,,,1
node/10923549956,charging_station,,,,,Point,"[142.0245584, -37.7404408]",2,,,,,,1
node/10924895189,charging_station,,,,,Point,"[150.6929513, -33.7429956]",,,,,,,
node/10925453549,charging_station,Tesla,,24/7,,Point,"[115.904494, -32.0396948]",2,,,,,,
node/10925612987,charging_station,,,,,Point,"[144.0767302, -37.8443654]",,,,,,,1
node/10925613031,charging_station,,,,,Point,"[144.7523843, -37.8048975]",,,,,,,1
node/10925614342,charging_station,,,,,Point,"[142.342789, -37.6495903]",,,,,,,
node/10925614395,charging_station,,,,,Point,"[146.9621128, -36.7291804]",,,,,,,1
node/10925625893,charging_station,,,,,Point,"[147.7230181, -37.9191889]",2,,,,,,1
node/10925645681,charging_station,,,,,Point,"[145.154243, -36.784243]",,,,,,,1
node/10925657911,charging_station,,,,,Point,"[146.9750191, -37.9673797]",,,,,,,1
node/10925696347,charging_station,,,,,Point,"[145.0036062, -37.9062995]",,,,,,,1
node/10925720436,charging_station,,,,,Point,"[151.2690237, -27.179865]",,,,,,,
node/10927958414,charging_station,,,,,Point,"[145.1825279, -38.0884048]",,,,,,,2
node/10931032796,charging_station,,,,,Point,"[145.2184081, -37.9132563]",,,,,,,
node/10931072151,charging_station,,,,,Point,"[145.2304685, -37.8986283]",,,,,,,1
node/10933923525,charging_station,,,,,Point,"[145.0187073, -38.4744469]",,,,,,,1
node/10937312713,charging_station,,,,,Point,"[151.2309416, -33.9610334]",,,,,,,
node/10938919622,charging_station,BP Pulse,,,,Point,"[145.1603959, -37.7039707]",,,,,,,
node/10938996112,charging_station,,,,,Point,"[145.2948225, -37.881819]",,,,,,,1
node/10943436950,charging_station,,,,,Point,"[145.1243715, -38.1399996]",,,,,,,
node/10943888598,charging_station,,,,,Point,"[137.5292589, -33.0300262]",,,,,,,
node/10948726931,charging_station,,,,,Point,"[137.7480411, -35.0849323]",,,,,,,
node/10956385611,charging_station,,,24/7,,Point,"[145.1183979, -37.5105817]",1,,,,,,1
node/10956647220,charging_station,,,,,Point,"[144.3210427, -38.1975552]",,,,,,,2
node/10959087488,charging_station,BP Pulse,,,,Point,"[150.8593146, -33.9887792]",2,,,,,,
node/10967531522,charging_station,,,,,Point,"[115.7205327, -32.5305019]",,,,,,,
node/10971491088,charging_station,,,,,Point,"[151.0650786, -33.7505332]",1,,,,,,
node/10977915310,charging_station,,,,,Point,"[143.3830103, -37.428802]",,,,,,,1
node/10984470645,charging_station,BP Pulse,,,,Point,"[150.9518073, -33.7671757]",2,,,,,,
node/10992560808,charging_station,,,,,Point,"[151.2433755, -33.7513075]",4,,,,,,
node/11004256023,charging_station,,,,,Point,"[150.9955859, -33.8521007]",2,,,,,,1
node/11016679900,charging_station,,,,,Point,"[138.5130494, -34.8695824]",1,,,,,,
node/11016758544,charging_station,,,,,Point,"[151.2375612, -33.8885103]",2,,,,,,
node/11016872776,charging_station,Jolt,,,,Point,"[138.5134782, -34.8610146]",,,,,,,
node/11021093600,charging_station,,,,,Point,"[142.394036, -36.2506357]",,,,3393,VIC,,1
node/11021194892,charging_station,,,,,Point,"[144.5624714, -37.4232451]",,,,,,,1
node/11041250798,charging_station,,,,,Point,"[144.4645623, -38.1862324]",2,,,,,,
node/11043365400,charging_station,Tesla Supercharger,,,Tesla,Point,"[145.218728, -37.9858932]",,,,,,,
node/11043399301,charging_station,Tesla Supercharger,,,Tesla,Point,"[145.0111517, -37.9071507]",4,,,,,,
node/11043868290,charging_station,,,,,Point,"[144.7350086, -37.2775677]",,,,,,,1
node/11048936553,charging_station,Engie,,,,Point,"[150.898387, -33.8504225]",2,,,,,,
node/11049081033,charging_station,,,,,Point,"[145.0409495, -38.2730919]",,,,,,,
node/11049270181,charging_station,,,24/7,,Point,"[145.5140998, -37.6538335]",2,,,,,,1
node/11049290237,charging_station,,,,,Point,"[145.3737771, -37.656863]",2,,,,,,
node/11049292149,charging_station,,,24/7,,Point,"[145.7111581, -37.1919518]",2,,,,,,1
node/11049294289,charging_station,,,,,Point,"[144.6590581, -38.2679563]",,,,,,,
node/11050379972,charging_station,,,,,Point,"[145.3534525, -37.9082794]",,,,,,,1
node/11055831302,charging_station,,,,,Point,"[145.0296259, -37.8555678]",,,,,,,1
node/11060799096,charging_station,,,,,Point,"[149.4397081, -35.2577259]",,,,,,,
node/11073160376,charging_station,,,,,Point,"[143.8237383, -37.5351644]",7,,,,,,
node/11079299253,charging_station,,,,,Point,"[151.0646034, -33.9047467]",2,,,,,,
node/11085593508,charging_station,Tesla Supercharger,,,Tesla,Point,"[143.784678, -37.5429448]",,,,,,,
node/11092548399,charging_station,Ezy Charger,,,,Point,"[151.0840316, -28.4137758]",,,,,,,
node/11108914408,charging_station,Jolt,,,,Point,"[138.6733784, -34.8792237]",,,,,,,
node/11117784408,charging_station,,,,,Point,"[142.9297211, -37.2820317]",,,,,,,1
node/11118158089,charging_station,,,,,Point,"[145.0860961, -37.9103331]",,,,,,,1
node/11119093383,charging_station,,,,,Point,"[122.2412521, -17.9535876]",,,,,,,
node/11129264613,charging_station,,,,,Point,"[131.0084993, -12.5064456]",,,,,,,1
node/11129535113,charging_station,,,,,Point,"[151.3214629, -33.4275068]",,,,,,,
node/11135601782,charging_station,,"2 off 5kW chargers, free",,,Point,"[151.2933539, -33.6777006]",,,,,,,
node/11137132736,charging_station,,,,,Point,"[145.032662, -37.7794587]",,,,,,,2
node/11137421689,charging_station,,,,,Point,"[150.6399463, -34.2817965]",,,,,,,
node/11137421690,charging_station,,,,,Point,"[150.6364305, -34.2821859]",,,,,,,
node/11140163995,charging_station,Electric Highway Tasmania,,,,Point,"[147.3119932, -42.9758665]",,,,7050,TAS,,"2, 2"
node/11140224982,charging_station,"Tesla, Inc.",,,Tesla,Point,"[150.4138196, -34.4880018]",6,,,,,,
node/11140229945,charging_station,,,24/7,,Point,"[144.6711485, -37.8965087]",4,,,,,,
node/11142742081,charging_station,,,,,Point,"[143.5931753, -38.3413412]",,,,,,,2
node/11142747612,charging_station,BP Pulse,,,,Point,"[145.2541767, -37.7985627]",,,,,,,
node/11142747613,charging_station,,,,,Point,"[145.2963129, -37.8232059]",,,,,,,
node/11142763864,charging_station,,,,,Point,"[144.7554035, -37.6940479]",,,,,,,
node/11155180657,charging_station,Tesla Supercharger,,,Tesla,Point,"[147.3397911, -35.1309893]",6,,,,,,
node/11158866814,charging_station,,,,,Point,"[145.039637, -38.2242104]",,,,,,,
node/11167384460,charging_station,,,,,Point,"[150.9165225, -33.6832925]",1,,,,,,
node/11175994294,charging_station,,,,,Point,"[144.1403106, -37.3090229]",,,,,,,1
node/11176002637,charging_station,,,,,Point,"[143.8945183, -37.4224534]",,,,,,,1
node/11184921745,charging_station,,,,,Point,"[144.9222367, -37.6770375]",,,,,,,2
node/11189565177,charging_station,,,,,Point,"[151.1038722, -33.9077366]",2,,,,,,
node/11189621827,charging_station,,,,,Point,"[136.8033794, -31.2553855]",1,,,,,,
node/11189656496,charging_station,,,,,Point,"[135.7496446, -30.9677042]",1,,,,,,
node/11217247140,charging_station,Charging the Regions,,,,Point,"[145.9448225, -38.4758989]",,,,,,,1
node/11217250326,charging_station,Charging the Regions,,,,Point,"[146.0128144, -38.5773347]",,,,,,,1
node/11217255913,charging_station,Charging the Regions,,,,Point,"[145.8256, -38.4327834]",,,,,,,1
node/11219920873,charging_station,Tesla Supercharger,,,Tesla,Point,"[144.9807906, -37.8683054]",,,,,,,
node/11221448525,charging_station,,,,,Point,"[145.0686042, -37.7588379]",,,,,,,
node/11221461253,charging_station,,,,,Point,"[145.1281439, -37.7869143]",,,,,,,2
node/11221609471,charging_station,,,,,Point,"[150.8064303, -34.4857516]",,,,,,,
node/11228046134,charging_station,,,,,Point,"[144.4522173, -37.2490363]",,,,,,,1
node/11228085088,charging_station,,,,,Point,"[146.6870107, -36.3580999]",2,,,,,,1
node/11228098627,charging_station,,,,,Point,"[143.4745278, -37.0899146]",,,,,,,
node/11234771568,charging_station,,,,,Point,"[145.953366, -38.1674817]",,,,,,,1
node/11242774690,charging_station,Jolt,,,,Point,"[145.266605, -37.8410374]",,,,,,,
node/11242854532,charging_station,,,,,Point,"[153.4124115, -27.9603586]",2,,,,,,
node/11254805479,charging_station,EVlink,,,,Point,"[145.0502541, -37.9369598]",6,,,,,,
node/11258008348,charging_station,,,,,Point,"[150.8513323, -33.7355105]",2,,,,,,
node/11263803078,charging_station,,,,,Point,"[145.8804055, -34.8063865]",,,,,,,
node/11276547806,charging_station,,,,,Point,"[145.9842966, -36.5506276]",,,,,,,1
node/11278409135,charging_station,,,,,Point,"[144.2766532, -36.7569325]",,,,,,,
node/11280883851,charging_station,Tesla Supercharger,,,Tesla,Point,"[146.3265843, -36.3530438]",,,,,,,
node/11289934645,charging_station,Tesla Supercharger,,,Tesla,Point,"[148.914061, -34.8436719]",12,,,,,,
node/11290026319,charging_station,Tesla Supercharger,,,Tesla,Point,"[147.317546, -35.7226725]",9,,,,,,
node/11330332493,charging_station,,,,,Point,"[138.614269, -33.8355095]",,,,,,,
node/11334781754,charging_station,,,,,Point,"[142.4848481, -38.3890481]",,,,,,,1
node/11335132177,charging_station,,,,,Point,"[145.1436383, -37.900927]",,,,,,,
node/11335189892,charging_station,,,,,Point,"[150.6218055, -33.7655858]",,,,,,,
node/11335199123,charging_station,,,,,Point,"[150.4520408, -33.7209721]",,,,,,,
node/11340711533,charging_station,,,,,Point,"[138.7502878, -34.597429]",2,,,,,,
node/11343836754,charging_station,,,,,Point,"[118.2782104, -31.4824333]",,,,,,,
node/11345075655,charging_station,,,,,Point,"[151.1220937, -34.029301]",4,,,,,,
node/11350711593,charging_station,,,,,Point,"[144.3249846, -38.3312269]",,,,,,,1
node/11363461220,charging_station,,,,,Point,"[145.0848785, -38.0083659]",,,,,,,1
node/11363471775,charging_station,,,,,Point,"[144.7099486, -36.923434]",,,,,,,
node/11363483511,charging_station,,,,,Point,"[142.2386167, -38.3837032]",2,,,,,,
node/11365114635,charging_station,,,,,Point,"[150.43701, -34.4467455]",,,,,,,1
node/11365136257,charging_station,,,,,Point,"[150.9330041, -33.775792]",,,,,,,
node/11365173050,charging_station,BP Pulse,,,,Point,"[150.9591384, -33.7127533]",,,,,,,
node/11365214134,charging_station,,,,,Point,"[150.9761633, -33.7277947]",,,,,,,2
node/11365333103,charging_station,,,,,Point,"[146.8865974, -36.1216586]",,,,,,,1
node/11365343113,charging_station,,,,,Point,"[137.5314002, -33.0265422]",,,,,,,
node/11365378588,charging_station,,,,,Point,"[136.9290812, -33.6851271]",,,,,,,
node/11365383504,charging_station,,,,,Point,"[138.1462203, -34.1860685]",,,,,,,
node/11365384558,charging_station,,,,,Point,"[138.6146999, -35.0195836]",,,,,,,
node/11365392374,charging_station,Chargefox,,,,Point,"[135.4620227, -33.0472046]",2,,,,,,
node/11365395410,charging_station,,,,,Point,"[138.9943901, -34.4747077]",,,,,,,
node/11365406878,charging_station,,,,,Point,"[137.7599939, -32.490268]",,,,,,,
node/11365413603,charging_station,,,,,Point,"[134.1989642, -32.7975963]",2,,,,,,
node/11365424991,charging_station,,,,,Point,"[139.8438335, -36.8391079]",,,,,,,
node/11365424997,charging_station,,,,,Point,"[140.9087627, -35.2610559]",,,,,,,
node/11365426315,charging_station,,,,,Point,"[139.9870005, -34.1817125]",,,,,,,
node/11365433327,charging_station,,,,,Point,"[139.6709899, -34.0366131]",,,,,,,
node/11365555254,charging_station,,,,,Point,"[138.6668488, -34.7187434]",,,,,,,
node/11365605210,charging_station,,,,,Point,"[138.5956065, -34.7591516]",,,,,,,
node/11365927573,charging_station,,,,,Point,"[136.415446, -33.1460327]",2,,,,,,
node/11367720683,charging_station,,,,,Point,"[142.7810413, -37.0568641]",,,,,,,1
node/11367761844,charging_station,,,,,Point,"[147.9063048, -36.1956744]",,,,,,,1
node/11372241486,charging_station,,,,,Point,"[150.9281721, -33.7004394]",2,,,,,,
node/11375022640,charging_station,,,,,Point,"[136.4172294, -33.1350807]",2,,,,,,2
node/11376091854,charging_station,Charging the Regions,,,,Point,"[146.082548, -38.6942826]",,,,,,,1
node/11376098457,charging_station,Charging the Regions,,,,Point,"[146.2008759, -38.6532191]",,,,,,,1
node/11377314807,charging_station,Tesla Supercharger,,,Tesla,Point,"[147.632675, -37.8244565]",,,,,,,
node/11384855150,charging_station,,,,,Point,"[144.8928132, -37.7366668]",,,,,,,1
node/11386697708,charging_station,Tesla Supercharger,,,Tesla,Point,"[146.9136376, -36.0790815]",,,,,,,
node/11386820692,charging_station,,,,,Point,"[138.8335411, -32.973401]",,,,,,,
node/11386821436,charging_station,,,,,Point,"[140.7429382, -36.9570803]",,,,,,,
node/11395425005,charging_station,,,,,Point,"[144.170628, -38.0473092]",,,,,,,1
node/11395449317,charging_station,,,,,Point,"[145.9436282, -38.4779021]",,,,,,,1
node/11395749542,charging_station,Tesla Supercharger,,,Tesla,Point,"[142.7814323, -37.0546434]",,,,,,,
node/11404710581,charging_station,,,,,Point,"[145.2622369, -37.7907099]",,,,,,,1
node/11406998570,charging_station,,,24/7,,Point,"[153.0644252, -26.4004039]",,,,4566,,,
node/11413716984,charging_station,,,,,Point,"[145.8255061, -38.4345088]",,,,,,,1
node/11413873598,charging_station,,,,,Point,"[121.7806754, -32.195829]",,,,,,,
node/11413941452,charging_station,,,,,Point,"[145.6132606, -37.7808512]",,,,,,,1
node/11413950126,charging_station,,,,,Point,"[145.3542395, -37.9101188]",6,,,,,,6
node/11415799827,charging_station,,,,,Point,"[141.1829709, -35.2632634]",,,,,,,1
node/11419885107,charging_station,,,,,Point,"[150.8051711, -34.0720222]",,,,,,,1
node/11419886723,charging_station,,,,,Point,"[150.8651092, -33.9555586]",,,,,,,
node/11422466181,charging_station,,,,,Point,"[150.9995054, -33.792786]",,,,,,,4
node/11425324344,charging_station,Tesla Supercharger,,,Tesla,Point,"[153.5443699, -28.1737957]",,,,,,,
node/11425340896,charging_station,,,,,Point,"[150.7408388, -33.745528]",,,,,,,1
node/11427578131,charging_station,BP Pulse,,,,Point,"[150.6922171, -33.7435121]",,,,,,,
node/11430520548,charging_station,,,,,Point,"[144.9791857, -37.4138766]",,,,,,,1
node/11433418128,charging_station,Tesla Supercharger,,,Tesla,Point,"[152.8271948, -31.4573909]",6,,,,,,
node/11433579681,charging_station,Tesla Supercharger,,,Tesla,Point,"[145.0419354, -37.8452917]",12,,,,,,
node/11433584698,charging_station,Tesla Supercharger,,,Tesla,Point,"[144.99606, -37.8391816]",,,,,,,
node/11434374870,charging_station,,,,,Point,"[144.8665448, -37.686614]",,,,,,,1
node/11434397370,charging_station,,,,,Point,"[144.7411195, -37.7554782]",2,,,,,,2
node/11434440056,charging_station,Tesla Supercharger,,,Tesla,Point,"[144.9474012, -37.2863602]",6,,,,,,
node/11440214108,charging_station,,,,,Point,"[150.8447937, -33.7161538]",,,,,,,1
node/11445377809,charging_station,,,,,Point,"[117.3567421, -34.9603265]",,,,,,,
node/11447868870,charging_station,,,,,Point,"[151.1724187, -33.814086]",1,,,,,,
node/11455171314,charging_station,Engie,,,,Point,"[145.120603, -37.8193923]",4,,,,,,
node/11463047965,charging_station,,,,,Point,"[151.6616905, -32.9635572]",4,,,,,,
node/11465379143,charging_station,,,,,Point,"[143.6692158, -38.7582509]",,,,,,,1
node/11494560491,charging_station,,,,,Point,"[151.6394417, -32.8119859]",,,,,,,
node/11495572569,charging_station,,,,,Point,"[152.9724342, -30.6267085]",,,,,,,
node/11504837499,charging_station,Charging the Regions,,,,Point,"[146.2049592, -38.8112214]",,,,,,,1
node/11504841063,charging_station,Charging the Regions,,,,Point,"[146.1548714, -38.4004937]",,,,,,,1
node/11506870062,charging_station,Charging the Regions,,,,Point,"[145.3598536, -36.394603]",,,,,,,1
node/11506874164,charging_station,,,,,Point,"[145.2262264, -36.4403466]",,,,,,,1
node/11507767364,charging_station,,,,,Point,"[147.2771317, -36.8616367]",22,,,,,,4
node/11526398297,charging_station,,,,,Point,"[145.0415494, -37.9563505]",,,,,,,1
node/11529283544,charging_station,,,,,Point,"[145.290863, -38.1496782]",,,,,,,1
node/11548535146,charging_station,,,24/7,,Point,"[144.294362, -36.7533323]",2,,,,,,
node/11559043538,charging_station,,,,,Point,"[144.7520377, -37.805075]",w,,,,,,1
node/11565614049,charging_station,,,,,Point,"[145.1633681, -37.902775]",,,,,,,
node/11566319008,charging_station,,,,,Point,"[144.5546647, -38.1892051]",,,,,,,2
node/11572184459,charging_station,,,,,Point,"[146.6859357, -36.3550727]",6,,,,,,
node/11577859205,charging_station,,,,,Point,"[141.6027913, -38.3466301]",,,,,,,1
node/11577888417,charging_station,,,,,Point,"[141.1831081, -35.2635176]",,,,,,,1
node/11578300609,charging_station,Jetcharge,,,,Point,"[145.1648273, -37.8751244]",,,,,,,1
node/11590215721,charging_station,,,,,Point,"[145.3153884, -37.8561038]",,,,,,,1
node/11590237423,charging_station,,,,,Point,"[143.5853794, -38.3407944]",,,,,,,1
node/11599375156,charging_station,,,,,Point,"[145.1349761, -38.1517841]",,,,,,,
node/11648746507,charging_station,,,,,Point,"[144.8943248, -37.8023621]",,,,,,,
node/11679137269,charging_station,,,,,Point,"[133.6729103, -32.1262255]",,,,,,,1
node/11679262104,charging_station,,,,,Point,"[151.3200519, -33.5970633]",1,,,,,,
node/11689937303,charging_station,,,,,Point,"[150.8865473, -33.9579982]",,,,,,,1
node/11695236309,charging_station,,,,,Point,"[150.7354796, -34.0418122]",,,,,,,1
node/11702410958,charging_station,,,,,Point,"[145.0017197, -37.9448505]",,,,,,,
node/11726440600,charging_station,,,,,Point,"[128.7404505, -15.7790416]",,,,,,,
node/11738297527,charging_station,,,,,Point,"[151.2533392, -33.8850206]",1,,,,,,
node/11749050171,charging_station,Tesla Supercharger,,,Tesla,Point,"[142.1405924, -34.2098649]",4,,,,,,
node/11749053754,charging_station,Tesla Supercharger,,,Tesla,Point,"[149.0954226, -33.283593]",,,,,,,
node/11749067827,charging_station,Tesla Supercharger,,,Tesla,Point,"[148.2390905, -20.0012612]",,,,,,,
node/11792059229,charging_station,Tesla Supercharger,,,Tesla,Point,"[117.8806315, -35.0279576]",6,,,,,,
node/11792059230,charging_station,WA EV Network,,,,Point,"[117.8807495, -35.028186]",4,,,,,,
node/11800735919,charging_station,Tritium,,,,Point,"[115.8931772, -32.0077385]",2,,,,,,
node/11806155972,charging_station,EVlink,,,,Point,"[115.763156, -32.041319]",,,,,,,
node/11808829441,charging_station,,,,,Point,"[145.2821557, -38.1089192]",,,,,,,1
node/11815611441,charging_station,,,,,Point,"[151.2358502, -33.884478]",1,,,,,,
node/11826593936,charging_station,,,,,Point,"[146.2710916, -20.0783899]",,,,,,,
node/11826782983,charging_station,,,,,Point,"[146.1631112, -18.6444937]",,,,,,,
node/11826783777,charging_station,,,,,Point,"[146.7598752, -19.2785384]",,,,,,,
node/11840233273,charging_station,,,,,Point,"[145.0390668, -38.2183773]",,,,,,,2
node/11840528797,charging_station,EVLink,,,,Point,"[144.6988225, -37.8343178]",2,,,,,,2
node/11840562088,charging_station,,,,,Point,"[144.9640885, -37.806177]",,,,,,,
node/11842613041,charging_station,Tesla Supercharger,,,Tesla,Point,"[151.7421054, -32.7638346]",12,,,,,,
node/11842761957,charging_station,,,,,Point,"[150.8058677, -34.0716189]",4,,,,,,"3, 1"
node/11842876526,charging_station,Engie,,,,Point,"[151.07722, -33.8546447]",2,,,,,,
node/11845737187,charging_station,,,,,Point,"[151.2514691, -33.8884752]",1,,,,,,
node/11853840472,charging_station,,,,,Point,"[151.2373913, -33.8845141]",,,,,,,
node/11885672552,charging_station,,Wycheproof,,,Point,"[143.2253748, -36.0751569]",4,,,,,,
node/11897759707,charging_station,,,,,Point,"[152.8521122, -26.7577906]",2,,,,,,
